Sample number	SRA sample ID	SRA run ID	BioProject ID	Library layout	ENA fq URL 1	ENA fq URL 2	SRA URL	Source name	Tissue/cell type	Age	Sex
1	SRS4274464	SRR8467773	PRJNA516151	PAIRED	era-fasp@fasp.sra.ebi.ac.uk:vol1/fastq/SRR846/003/SRR8467773/SRR8467773_1.fastq.gz	era-fasp@fasp.sra.ebi.ac.uk:vol1/fastq/SRR846/003/SRR8467773/SRR8467773_2.fastq.gz	https://sra-downloadb.be-md.ncbi.nlm.nih.gov/sos3/sra-pub-zq-22/SRR008/467/SRR8467773.sralite.1	unknown/not stated	liver	6Mo	male
2	SRS4274463	SRR8467774	PRJNA516151	PAIRED	era-fasp@fasp.sra.ebi.ac.uk:vol1/fastq/SRR846/004/SRR8467774/SRR8467774_1.fastq.gz	era-fasp@fasp.sra.ebi.ac.uk:vol1/fastq/SRR846/004/SRR8467774/SRR8467774_2.fastq.gz	https://sra-downloadb.be-md.ncbi.nlm.nih.gov/sos3/sra-pub-zq-22/SRR008/467/SRR8467774.sralite.1	unknown/not stated	liver	9Mo	male
3	SRS4274462	SRR8467775	PRJNA516151	PAIRED	era-fasp@fasp.sra.ebi.ac.uk:vol1/fastq/SRR846/005/SRR8467775/SRR8467775_1.fastq.gz	era-fasp@fasp.sra.ebi.ac.uk:vol1/fastq/SRR846/005/SRR8467775/SRR8467775_2.fastq.gz	https://sra-downloadb.be-md.ncbi.nlm.nih.gov/sos3/sra-pub-zq-22/SRR008/467/SRR8467775.sralite.1	unknown/not stated	liver	9Mo	male
4	SRS4274461	SRR8467776	PRJNA516151	PAIRED	era-fasp@fasp.sra.ebi.ac.uk:vol1/fastq/SRR846/006/SRR8467776/SRR8467776_1.fastq.gz	era-fasp@fasp.sra.ebi.ac.uk:vol1/fastq/SRR846/006/SRR8467776/SRR8467776_2.fastq.gz	https://sra-downloadb.be-md.ncbi.nlm.nih.gov/sos3/sra-pub-zq-22/SRR008/467/SRR8467776.sralite.1	unknown/not stated	liver	9Mo	male
5	SRS4274460	SRR8467777	PRJNA516151	PAIRED	era-fasp@fasp.sra.ebi.ac.uk:vol1/fastq/SRR846/007/SRR8467777/SRR8467777_1.fastq.gz	era-fasp@fasp.sra.ebi.ac.uk:vol1/fastq/SRR846/007/SRR8467777/SRR8467777_2.fastq.gz	https://sra-downloadb.be-md.ncbi.nlm.nih.gov/sos3/sra-pub-zq-22/SRR008/467/SRR8467777.sralite.1	unknown/not stated	liver	9Mo	male
6	SRS4274459	SRR8467778	PRJNA516151	PAIRED	era-fasp@fasp.sra.ebi.ac.uk:vol1/fastq/SRR846/008/SRR8467778/SRR8467778_1.fastq.gz	era-fasp@fasp.sra.ebi.ac.uk:vol1/fastq/SRR846/008/SRR8467778/SRR8467778_2.fastq.gz	https://sra-downloadb.be-md.ncbi.nlm.nih.gov/sos5/sra-pub-zq-16/SRR008/467/SRR8467778.sralite.1	unknown/not stated	liver	27Mo	male
7	SRS4274458	SRR8467779	PRJNA516151	PAIRED	era-fasp@fasp.sra.ebi.ac.uk:vol1/fastq/SRR846/009/SRR8467779/SRR8467779_1.fastq.gz	era-fasp@fasp.sra.ebi.ac.uk:vol1/fastq/SRR846/009/SRR8467779/SRR8467779_2.fastq.gz	https://sra-downloadb.be-md.ncbi.nlm.nih.gov/sos3/sra-pub-zq-22/SRR008/467/SRR8467779.sralite.1	unknown/not stated	liver	18Mo	male
8	SRS4274457	SRR8467780	PRJNA516151	PAIRED	era-fasp@fasp.sra.ebi.ac.uk:vol1/fastq/SRR846/000/SRR8467780/SRR8467780_1.fastq.gz	era-fasp@fasp.sra.ebi.ac.uk:vol1/fastq/SRR846/000/SRR8467780/SRR8467780_2.fastq.gz	https://sra-downloadb.be-md.ncbi.nlm.nih.gov/sos3/sra-pub-zq-22/SRR008/467/SRR8467780.sralite.1	unknown/not stated	liver	18Mo	male
9	SRS4274456	SRR8467781	PRJNA516151	PAIRED	era-fasp@fasp.sra.ebi.ac.uk:vol1/fastq/SRR846/001/SRR8467781/SRR8467781_1.fastq.gz	era-fasp@fasp.sra.ebi.ac.uk:vol1/fastq/SRR846/001/SRR8467781/SRR8467781_2.fastq.gz	https://sra-downloadb.be-md.ncbi.nlm.nih.gov/sos5/sra-pub-zq-16/SRR008/467/SRR8467781.sralite.1	unknown/not stated	liver	21Mo	male
10	SRS4274455	SRR8467782	PRJNA516151	PAIRED	era-fasp@fasp.sra.ebi.ac.uk:vol1/fastq/SRR846/002/SRR8467782/SRR8467782_1.fastq.gz	era-fasp@fasp.sra.ebi.ac.uk:vol1/fastq/SRR846/002/SRR8467782/SRR8467782_2.fastq.gz	https://sra-downloadb.be-md.ncbi.nlm.nih.gov/sos5/sra-pub-zq-16/SRR008/467/SRR8467782.sralite.1	unknown/not stated	liver	21Mo	male
11	SRS4274454	SRR8467783	PRJNA516151	PAIRED	era-fasp@fasp.sra.ebi.ac.uk:vol1/fastq/SRR846/003/SRR8467783/SRR8467783_1.fastq.gz	era-fasp@fasp.sra.ebi.ac.uk:vol1/fastq/SRR846/003/SRR8467783/SRR8467783_2.fastq.gz	https://sra-downloadb.be-md.ncbi.nlm.nih.gov/sos3/sra-pub-zq-22/SRR008/467/SRR8467783.sralite.1	unknown/not stated	liver	18Mo	male
12	SRS4274453	SRR8467784	PRJNA516151	PAIRED	era-fasp@fasp.sra.ebi.ac.uk:vol1/fastq/SRR846/004/SRR8467784/SRR8467784_1.fastq.gz	era-fasp@fasp.sra.ebi.ac.uk:vol1/fastq/SRR846/004/SRR8467784/SRR8467784_2.fastq.gz	https://sra-downloadb.be-md.ncbi.nlm.nih.gov/sos3/sra-pub-zq-22/SRR008/467/SRR8467784.sralite.1	unknown/not stated	liver	18Mo	male
13	SRS4274452	SRR8467785	PRJNA516151	PAIRED	era-fasp@fasp.sra.ebi.ac.uk:vol1/fastq/SRR846/005/SRR8467785/SRR8467785_1.fastq.gz	era-fasp@fasp.sra.ebi.ac.uk:vol1/fastq/SRR846/005/SRR8467785/SRR8467785_2.fastq.gz	https://sra-downloadb.be-md.ncbi.nlm.nih.gov/sos3/sra-pub-zq-22/SRR008/467/SRR8467785.sralite.1	unknown/not stated	liver	18Mo	male
14	SRS4274451	SRR8467786	PRJNA516151	PAIRED	era-fasp@fasp.sra.ebi.ac.uk:vol1/fastq/SRR846/006/SRR8467786/SRR8467786_1.fastq.gz	era-fasp@fasp.sra.ebi.ac.uk:vol1/fastq/SRR846/006/SRR8467786/SRR8467786_2.fastq.gz	https://sra-downloadb.be-md.ncbi.nlm.nih.gov/sos3/sra-pub-zq-22/SRR008/467/SRR8467786.sralite.1	unknown/not stated	liver	18Mo	male
15	SRS4274450	SRR8467787	PRJNA516151	PAIRED	era-fasp@fasp.sra.ebi.ac.uk:vol1/fastq/SRR846/007/SRR8467787/SRR8467787_1.fastq.gz	era-fasp@fasp.sra.ebi.ac.uk:vol1/fastq/SRR846/007/SRR8467787/SRR8467787_2.fastq.gz	https://sra-downloadb.be-md.ncbi.nlm.nih.gov/sos5/sra-pub-zq-16/SRR008/467/SRR8467787.sralite.1	unknown/not stated	liver	27Mo	male
16	SRS4274449	SRR8467788	PRJNA516151	PAIRED	era-fasp@fasp.sra.ebi.ac.uk:vol1/fastq/SRR846/008/SRR8467788/SRR8467788_1.fastq.gz	era-fasp@fasp.sra.ebi.ac.uk:vol1/fastq/SRR846/008/SRR8467788/SRR8467788_2.fastq.gz	https://sra-downloadb.be-md.ncbi.nlm.nih.gov/sos3/sra-pub-zq-22/SRR008/467/SRR8467788.sralite.1	unknown/not stated	liver	27Mo	male
17	SRS4274448	SRR8467789	PRJNA516151	PAIRED	era-fasp@fasp.sra.ebi.ac.uk:vol1/fastq/SRR846/009/SRR8467789/SRR8467789_1.fastq.gz	era-fasp@fasp.sra.ebi.ac.uk:vol1/fastq/SRR846/009/SRR8467789/SRR8467789_2.fastq.gz	https://sra-downloadb.be-md.ncbi.nlm.nih.gov/sos5/sra-pub-zq-16/SRR008/467/SRR8467789.sralite.1	unknown/not stated	liver	27Mo	male
18	SRS4274447	SRR8467790	PRJNA516151	PAIRED	era-fasp@fasp.sra.ebi.ac.uk:vol1/fastq/SRR846/000/SRR8467790/SRR8467790_1.fastq.gz	era-fasp@fasp.sra.ebi.ac.uk:vol1/fastq/SRR846/000/SRR8467790/SRR8467790_2.fastq.gz	https://sra-downloadb.be-md.ncbi.nlm.nih.gov/sos3/sra-pub-zq-22/SRR008/467/SRR8467790.sralite.1	unknown/not stated	liver	27Mo	male
19	SRS4274446	SRR8467791	PRJNA516151	PAIRED	era-fasp@fasp.sra.ebi.ac.uk:vol1/fastq/SRR846/001/SRR8467791/SRR8467791_1.fastq.gz	era-fasp@fasp.sra.ebi.ac.uk:vol1/fastq/SRR846/001/SRR8467791/SRR8467791_2.fastq.gz	https://sra-downloadb.be-md.ncbi.nlm.nih.gov/sos3/sra-pub-zq-22/SRR008/467/SRR8467791.sralite.1	unknown/not stated	liver	21Mo	male
20	SRS4274445	SRR8467792	PRJNA516151	PAIRED	era-fasp@fasp.sra.ebi.ac.uk:vol1/fastq/SRR846/002/SRR8467792/SRR8467792_1.fastq.gz	era-fasp@fasp.sra.ebi.ac.uk:vol1/fastq/SRR846/002/SRR8467792/SRR8467792_2.fastq.gz	https://sra-downloadb.be-md.ncbi.nlm.nih.gov/sos3/sra-pub-zq-22/SRR008/467/SRR8467792.sralite.1	unknown/not stated	liver	21Mo	male
21	SRS4274444	SRR8467793	PRJNA516151	PAIRED	era-fasp@fasp.sra.ebi.ac.uk:vol1/fastq/SRR846/003/SRR8467793/SRR8467793_1.fastq.gz	era-fasp@fasp.sra.ebi.ac.uk:vol1/fastq/SRR846/003/SRR8467793/SRR8467793_2.fastq.gz	https://sra-downloadb.be-md.ncbi.nlm.nih.gov/sos3/sra-pub-zq-22/SRR008/467/SRR8467793.sralite.1	unknown/not stated	liver	27Mo	male
22	SRS4274443	SRR8467794	PRJNA516151	PAIRED	era-fasp@fasp.sra.ebi.ac.uk:vol1/fastq/SRR846/004/SRR8467794/SRR8467794_1.fastq.gz	era-fasp@fasp.sra.ebi.ac.uk:vol1/fastq/SRR846/004/SRR8467794/SRR8467794_2.fastq.gz	https://sra-downloadb.be-md.ncbi.nlm.nih.gov/sos5/sra-pub-zq-16/SRR008/467/SRR8467794.sralite.1	unknown/not stated	liver	24Mo	male
23	SRS4274442	SRR8467795	PRJNA516151	PAIRED	era-fasp@fasp.sra.ebi.ac.uk:vol1/fastq/SRR846/005/SRR8467795/SRR8467795_1.fastq.gz	era-fasp@fasp.sra.ebi.ac.uk:vol1/fastq/SRR846/005/SRR8467795/SRR8467795_2.fastq.gz	https://sra-downloadb.be-md.ncbi.nlm.nih.gov/sos3/sra-pub-zq-22/SRR008/467/SRR8467795.sralite.1	unknown/not stated	liver	18Mo	male
24	SRS4274441	SRR8467796	PRJNA516151	PAIRED	era-fasp@fasp.sra.ebi.ac.uk:vol1/fastq/SRR846/006/SRR8467796/SRR8467796_1.fastq.gz	era-fasp@fasp.sra.ebi.ac.uk:vol1/fastq/SRR846/006/SRR8467796/SRR8467796_2.fastq.gz	https://sra-downloadb.be-md.ncbi.nlm.nih.gov/sos3/sra-pub-zq-22/SRR008/467/SRR8467796.sralite.1	unknown/not stated	liver	18Mo	male
25	SRS4274440	SRR8467797	PRJNA516151	PAIRED	era-fasp@fasp.sra.ebi.ac.uk:vol1/fastq/SRR846/007/SRR8467797/SRR8467797_1.fastq.gz	era-fasp@fasp.sra.ebi.ac.uk:vol1/fastq/SRR846/007/SRR8467797/SRR8467797_2.fastq.gz	https://sra-downloadb.be-md.ncbi.nlm.nih.gov/sos3/sra-pub-zq-22/SRR008/467/SRR8467797.sralite.1	unknown/not stated	liver	12Mo	male
26	SRS4274439	SRR8467798	PRJNA516151	PAIRED	era-fasp@fasp.sra.ebi.ac.uk:vol1/fastq/SRR846/008/SRR8467798/SRR8467798_1.fastq.gz	era-fasp@fasp.sra.ebi.ac.uk:vol1/fastq/SRR846/008/SRR8467798/SRR8467798_2.fastq.gz	https://sra-downloadb.be-md.ncbi.nlm.nih.gov/sos5/sra-pub-zq-14/SRR008/467/SRR8467798.sralite.1	unknown/not stated	liver	12Mo	male
27	SRS4274438	SRR8467799	PRJNA516151	PAIRED	era-fasp@fasp.sra.ebi.ac.uk:vol1/fastq/SRR846/009/SRR8467799/SRR8467799_1.fastq.gz	era-fasp@fasp.sra.ebi.ac.uk:vol1/fastq/SRR846/009/SRR8467799/SRR8467799_2.fastq.gz	https://sra-downloadb.be-md.ncbi.nlm.nih.gov/sos5/sra-pub-zq-16/SRR008/467/SRR8467799.sralite.1	unknown/not stated	liver	12Mo	male
28	SRS4274437	SRR8467800	PRJNA516151	PAIRED	era-fasp@fasp.sra.ebi.ac.uk:vol1/fastq/SRR846/000/SRR8467800/SRR8467800_1.fastq.gz	era-fasp@fasp.sra.ebi.ac.uk:vol1/fastq/SRR846/000/SRR8467800/SRR8467800_2.fastq.gz	https://sra-downloadb.be-md.ncbi.nlm.nih.gov/sos5/sra-pub-zq-16/SRR008/467/SRR8467800.sralite.1	unknown/not stated	liver	12Mo	male
29	SRS4274436	SRR8467801	PRJNA516151	PAIRED	era-fasp@fasp.sra.ebi.ac.uk:vol1/fastq/SRR846/001/SRR8467801/SRR8467801_1.fastq.gz	era-fasp@fasp.sra.ebi.ac.uk:vol1/fastq/SRR846/001/SRR8467801/SRR8467801_2.fastq.gz	https://sra-downloadb.be-md.ncbi.nlm.nih.gov/sos5/sra-pub-zq-16/SRR008/467/SRR8467801.sralite.1	unknown/not stated	liver	12Mo	male
30	SRS4274435	SRR8467802	PRJNA516151	PAIRED	era-fasp@fasp.sra.ebi.ac.uk:vol1/fastq/SRR846/002/SRR8467802/SRR8467802_1.fastq.gz	era-fasp@fasp.sra.ebi.ac.uk:vol1/fastq/SRR846/002/SRR8467802/SRR8467802_2.fastq.gz	https://sra-downloadb.be-md.ncbi.nlm.nih.gov/sos5/sra-pub-zq-16/SRR008/467/SRR8467802.sralite.1	unknown/not stated	liver	12Mo	male
31	SRS4274434	SRR8467803	PRJNA516151	PAIRED	era-fasp@fasp.sra.ebi.ac.uk:vol1/fastq/SRR846/003/SRR8467803/SRR8467803_1.fastq.gz	era-fasp@fasp.sra.ebi.ac.uk:vol1/fastq/SRR846/003/SRR8467803/SRR8467803_2.fastq.gz	https://sra-downloadb.be-md.ncbi.nlm.nih.gov/sos5/sra-pub-zq-16/SRR008/467/SRR8467803.sralite.1	unknown/not stated	liver	12Mo	male
32	SRS4274433	SRR8467804	PRJNA516151	PAIRED	era-fasp@fasp.sra.ebi.ac.uk:vol1/fastq/SRR846/004/SRR8467804/SRR8467804_1.fastq.gz	era-fasp@fasp.sra.ebi.ac.uk:vol1/fastq/SRR846/004/SRR8467804/SRR8467804_2.fastq.gz	https://sra-downloadb.be-md.ncbi.nlm.nih.gov/sos5/sra-pub-zq-16/SRR008/467/SRR8467804.sralite.1	unknown/not stated	liver	12Mo	male
33	SRS4274432	SRR8467805	PRJNA516151	PAIRED	era-fasp@fasp.sra.ebi.ac.uk:vol1/fastq/SRR846/005/SRR8467805/SRR8467805_1.fastq.gz	era-fasp@fasp.sra.ebi.ac.uk:vol1/fastq/SRR846/005/SRR8467805/SRR8467805_2.fastq.gz	https://sra-downloadb.be-md.ncbi.nlm.nih.gov/sos5/sra-pub-zq-16/SRR008/467/SRR8467805.sralite.1	unknown/not stated	liver	27Mo	male
34	SRS4274431	SRR8467806	PRJNA516151	PAIRED	era-fasp@fasp.sra.ebi.ac.uk:vol1/fastq/SRR846/006/SRR8467806/SRR8467806_1.fastq.gz	era-fasp@fasp.sra.ebi.ac.uk:vol1/fastq/SRR846/006/SRR8467806/SRR8467806_2.fastq.gz	https://sra-downloadb.be-md.ncbi.nlm.nih.gov/sos3/sra-pub-zq-22/SRR008/467/SRR8467806.sralite.1	unknown/not stated	liver	9Mo	male
35	SRS4274430	SRR8467807	PRJNA516151	PAIRED	era-fasp@fasp.sra.ebi.ac.uk:vol1/fastq/SRR846/007/SRR8467807/SRR8467807_1.fastq.gz	era-fasp@fasp.sra.ebi.ac.uk:vol1/fastq/SRR846/007/SRR8467807/SRR8467807_2.fastq.gz	https://sra-downloadb.be-md.ncbi.nlm.nih.gov/sos3/sra-pub-zq-22/SRR008/467/SRR8467807.sralite.1	unknown/not stated	liver	9Mo	male
36	SRS4274429	SRR8467808	PRJNA516151	PAIRED	era-fasp@fasp.sra.ebi.ac.uk:vol1/fastq/SRR846/008/SRR8467808/SRR8467808_1.fastq.gz	era-fasp@fasp.sra.ebi.ac.uk:vol1/fastq/SRR846/008/SRR8467808/SRR8467808_2.fastq.gz	https://sra-downloadb.be-md.ncbi.nlm.nih.gov/sos5/sra-pub-zq-14/SRR008/467/SRR8467808.sralite.1	unknown/not stated	liver	9Mo	male
37	SRS4274428	SRR8467809	PRJNA516151	PAIRED	era-fasp@fasp.sra.ebi.ac.uk:vol1/fastq/SRR846/009/SRR8467809/SRR8467809_1.fastq.gz	era-fasp@fasp.sra.ebi.ac.uk:vol1/fastq/SRR846/009/SRR8467809/SRR8467809_2.fastq.gz	https://sra-downloadb.be-md.ncbi.nlm.nih.gov/sos3/sra-pub-zq-22/SRR008/467/SRR8467809.sralite.1	unknown/not stated	liver	6Mo	male
38	SRS4274427	SRR8467810	PRJNA516151	PAIRED	era-fasp@fasp.sra.ebi.ac.uk:vol1/fastq/SRR846/000/SRR8467810/SRR8467810_1.fastq.gz	era-fasp@fasp.sra.ebi.ac.uk:vol1/fastq/SRR846/000/SRR8467810/SRR8467810_2.fastq.gz	https://sra-downloadb.be-md.ncbi.nlm.nih.gov/sos3/sra-pub-zq-22/SRR008/467/SRR8467810.sralite.1	unknown/not stated	liver	6Mo	male
39	SRS4274426	SRR8467811	PRJNA516151	PAIRED	era-fasp@fasp.sra.ebi.ac.uk:vol1/fastq/SRR846/001/SRR8467811/SRR8467811_1.fastq.gz	era-fasp@fasp.sra.ebi.ac.uk:vol1/fastq/SRR846/001/SRR8467811/SRR8467811_2.fastq.gz	https://sra-downloadb.be-md.ncbi.nlm.nih.gov/sos3/sra-pub-zq-22/SRR008/467/SRR8467811.sralite.1	unknown/not stated	liver	6Mo	male
40	SRS4274425	SRR8467812	PRJNA516151	PAIRED	era-fasp@fasp.sra.ebi.ac.uk:vol1/fastq/SRR846/002/SRR8467812/SRR8467812_1.fastq.gz	era-fasp@fasp.sra.ebi.ac.uk:vol1/fastq/SRR846/002/SRR8467812/SRR8467812_2.fastq.gz	https://sra-downloadb.be-md.ncbi.nlm.nih.gov/sos3/sra-pub-zq-22/SRR008/467/SRR8467812.sralite.1	unknown/not stated	liver	6Mo	male
41	SRS4274424	SRR8467813	PRJNA516151	PAIRED	era-fasp@fasp.sra.ebi.ac.uk:vol1/fastq/SRR846/003/SRR8467813/SRR8467813_1.fastq.gz	era-fasp@fasp.sra.ebi.ac.uk:vol1/fastq/SRR846/003/SRR8467813/SRR8467813_2.fastq.gz	https://sra-downloadb.be-md.ncbi.nlm.nih.gov/sos5/sra-pub-zq-16/SRR008/467/SRR8467813.sralite.1	unknown/not stated	liver	6Mo	male
42	SRS4274423	SRR8467814	PRJNA516151	PAIRED	era-fasp@fasp.sra.ebi.ac.uk:vol1/fastq/SRR846/004/SRR8467814/SRR8467814_1.fastq.gz	era-fasp@fasp.sra.ebi.ac.uk:vol1/fastq/SRR846/004/SRR8467814/SRR8467814_2.fastq.gz	https://sra-downloadb.be-md.ncbi.nlm.nih.gov/sos5/sra-pub-zq-16/SRR008/467/SRR8467814.sralite.1	unknown/not stated	liver	9Mo	male
43	SRS4274422	SRR8467815	PRJNA516151	PAIRED	era-fasp@fasp.sra.ebi.ac.uk:vol1/fastq/SRR846/005/SRR8467815/SRR8467815_1.fastq.gz	era-fasp@fasp.sra.ebi.ac.uk:vol1/fastq/SRR846/005/SRR8467815/SRR8467815_2.fastq.gz	https://sra-downloadb.be-md.ncbi.nlm.nih.gov/sos3/sra-pub-zq-22/SRR008/467/SRR8467815.sralite.1	unknown/not stated	liver	6Mo	male
44	SRS4274421	SRR8467816	PRJNA516151	PAIRED	era-fasp@fasp.sra.ebi.ac.uk:vol1/fastq/SRR846/006/SRR8467816/SRR8467816_1.fastq.gz	era-fasp@fasp.sra.ebi.ac.uk:vol1/fastq/SRR846/006/SRR8467816/SRR8467816_2.fastq.gz	https://sra-downloadb.be-md.ncbi.nlm.nih.gov/sos3/sra-pub-zq-22/SRR008/467/SRR8467816.sralite.1	unknown/not stated	liver	6Mo	male
45	SRS4274420	SRR8467817	PRJNA516151	PAIRED	era-fasp@fasp.sra.ebi.ac.uk:vol1/fastq/SRR846/007/SRR8467817/SRR8467817_1.fastq.gz	era-fasp@fasp.sra.ebi.ac.uk:vol1/fastq/SRR846/007/SRR8467817/SRR8467817_2.fastq.gz	https://sra-downloadb.be-md.ncbi.nlm.nih.gov/sos5/sra-pub-zq-16/SRR008/467/SRR8467817.sralite.1	unknown/not stated	liver	24Mo	male
46	SRS4274419	SRR8467818	PRJNA516151	PAIRED	era-fasp@fasp.sra.ebi.ac.uk:vol1/fastq/SRR846/008/SRR8467818/SRR8467818_1.fastq.gz	era-fasp@fasp.sra.ebi.ac.uk:vol1/fastq/SRR846/008/SRR8467818/SRR8467818_2.fastq.gz	https://sra-downloadb.be-md.ncbi.nlm.nih.gov/sos5/sra-pub-zq-16/SRR008/467/SRR8467818.sralite.1	unknown/not stated	liver	24Mo	male
47	SRS4274418	SRR8467819	PRJNA516151	PAIRED	era-fasp@fasp.sra.ebi.ac.uk:vol1/fastq/SRR846/009/SRR8467819/SRR8467819_1.fastq.gz	era-fasp@fasp.sra.ebi.ac.uk:vol1/fastq/SRR846/009/SRR8467819/SRR8467819_2.fastq.gz	https://sra-downloadb.be-md.ncbi.nlm.nih.gov/sos5/sra-pub-zq-14/SRR008/467/SRR8467819.sralite.1	unknown/not stated	liver	21Mo	male
48	SRS4274417	SRR8467820	PRJNA516151	PAIRED	era-fasp@fasp.sra.ebi.ac.uk:vol1/fastq/SRR846/000/SRR8467820/SRR8467820_1.fastq.gz	era-fasp@fasp.sra.ebi.ac.uk:vol1/fastq/SRR846/000/SRR8467820/SRR8467820_2.fastq.gz	https://sra-downloadb.be-md.ncbi.nlm.nih.gov/sos3/sra-pub-zq-22/SRR008/467/SRR8467820.sralite.1	unknown/not stated	liver	21Mo	male
49	SRS4274416	SRR8467821	PRJNA516151	PAIRED	era-fasp@fasp.sra.ebi.ac.uk:vol1/fastq/SRR846/001/SRR8467821/SRR8467821_1.fastq.gz	era-fasp@fasp.sra.ebi.ac.uk:vol1/fastq/SRR846/001/SRR8467821/SRR8467821_2.fastq.gz	https://sra-downloadb.be-md.ncbi.nlm.nih.gov/sos5/sra-pub-zq-14/SRR008/467/SRR8467821.sralite.1	unknown/not stated	liver	21Mo	male
50	SRS4274415	SRR8467822	PRJNA516151	PAIRED	era-fasp@fasp.sra.ebi.ac.uk:vol1/fastq/SRR846/002/SRR8467822/SRR8467822_1.fastq.gz	era-fasp@fasp.sra.ebi.ac.uk:vol1/fastq/SRR846/002/SRR8467822/SRR8467822_2.fastq.gz	https://sra-downloadb.be-md.ncbi.nlm.nih.gov/sos5/sra-pub-zq-14/SRR008/467/SRR8467822.sralite.1	unknown/not stated	liver	21Mo	male
51	SRS4274414	SRR8467823	PRJNA516151	PAIRED	era-fasp@fasp.sra.ebi.ac.uk:vol1/fastq/SRR846/003/SRR8467823/SRR8467823_1.fastq.gz	era-fasp@fasp.sra.ebi.ac.uk:vol1/fastq/SRR846/003/SRR8467823/SRR8467823_2.fastq.gz	https://sra-downloadb.be-md.ncbi.nlm.nih.gov/sos5/sra-pub-zq-14/SRR008/467/SRR8467823.sralite.1	unknown/not stated	liver	24Mo	male
52	SRS4274413	SRR8467824	PRJNA516151	PAIRED	era-fasp@fasp.sra.ebi.ac.uk:vol1/fastq/SRR846/004/SRR8467824/SRR8467824_1.fastq.gz	era-fasp@fasp.sra.ebi.ac.uk:vol1/fastq/SRR846/004/SRR8467824/SRR8467824_2.fastq.gz	https://sra-downloadb.be-md.ncbi.nlm.nih.gov/sos3/sra-pub-zq-22/SRR008/467/SRR8467824.sralite.1	unknown/not stated	liver	24Mo	male
53	SRS4274412	SRR8467825	PRJNA516151	PAIRED	era-fasp@fasp.sra.ebi.ac.uk:vol1/fastq/SRR846/005/SRR8467825/SRR8467825_1.fastq.gz	era-fasp@fasp.sra.ebi.ac.uk:vol1/fastq/SRR846/005/SRR8467825/SRR8467825_2.fastq.gz	https://sra-downloadb.be-md.ncbi.nlm.nih.gov/sos3/sra-pub-zq-22/SRR008/467/SRR8467825.sralite.1	unknown/not stated	liver	24Mo	male
54	SRS4274411	SRR8467826	PRJNA516151	PAIRED	era-fasp@fasp.sra.ebi.ac.uk:vol1/fastq/SRR846/006/SRR8467826/SRR8467826_1.fastq.gz	era-fasp@fasp.sra.ebi.ac.uk:vol1/fastq/SRR846/006/SRR8467826/SRR8467826_2.fastq.gz	https://sra-downloadb.be-md.ncbi.nlm.nih.gov/sos5/sra-pub-zq-14/SRR008/467/SRR8467826.sralite.1	unknown/not stated	liver	24Mo	male
55	SRS4274410	SRR8467827	PRJNA516151	PAIRED	era-fasp@fasp.sra.ebi.ac.uk:vol1/fastq/SRR846/007/SRR8467827/SRR8467827_1.fastq.gz	era-fasp@fasp.sra.ebi.ac.uk:vol1/fastq/SRR846/007/SRR8467827/SRR8467827_2.fastq.gz	https://sra-downloadb.be-md.ncbi.nlm.nih.gov/sos5/sra-pub-zq-16/SRR008/467/SRR8467827.sralite.1	unknown/not stated	liver	27Mo	male
56	SRS4322543	SRR8524928	PRJNA516151	PAIRED	era-fasp@fasp.sra.ebi.ac.uk:vol1/fastq/SRR852/008/SRR8524928/SRR8524928_1.fastq.gz	era-fasp@fasp.sra.ebi.ac.uk:vol1/fastq/SRR852/008/SRR8524928/SRR8524928_2.fastq.gz	https://sra-downloadb.be-md.ncbi.nlm.nih.gov/sos5/sra-pub-zq-14/SRR008/524/SRR8524928.sralite.1	unknown/not stated	Gastrocnemius	6Mo	male
57	SRS4322542	SRR8524929	PRJNA516151	PAIRED	era-fasp@fasp.sra.ebi.ac.uk:vol1/fastq/SRR852/009/SRR8524929/SRR8524929_1.fastq.gz	era-fasp@fasp.sra.ebi.ac.uk:vol1/fastq/SRR852/009/SRR8524929/SRR8524929_2.fastq.gz	https://sra-downloadb.be-md.ncbi.nlm.nih.gov/sos3/sra-pub-zq-22/SRR008/524/SRR8524929.sralite.1	unknown/not stated	Gastrocnemius	6Mo	male
58	SRS4322541	SRR8524930	PRJNA516151	PAIRED	era-fasp@fasp.sra.ebi.ac.uk:vol1/fastq/SRR852/000/SRR8524930/SRR8524930_1.fastq.gz	era-fasp@fasp.sra.ebi.ac.uk:vol1/fastq/SRR852/000/SRR8524930/SRR8524930_2.fastq.gz	https://sra-downloadb.be-md.ncbi.nlm.nih.gov/sos5/sra-pub-zq-16/SRR008/524/SRR8524930.sralite.1	unknown/not stated	Gastrocnemius	27Mo	male
59	SRS4322540	SRR8524931	PRJNA516151	PAIRED	era-fasp@fasp.sra.ebi.ac.uk:vol1/fastq/SRR852/001/SRR8524931/SRR8524931_1.fastq.gz	era-fasp@fasp.sra.ebi.ac.uk:vol1/fastq/SRR852/001/SRR8524931/SRR8524931_2.fastq.gz	https://sra-downloadb.be-md.ncbi.nlm.nih.gov/sos5/sra-pub-zq-16/SRR008/524/SRR8524931.sralite.1	unknown/not stated	Gastrocnemius	27Mo	male
60	SRS4322539	SRR8524932	PRJNA516151	PAIRED	era-fasp@fasp.sra.ebi.ac.uk:vol1/fastq/SRR852/002/SRR8524932/SRR8524932_1.fastq.gz	era-fasp@fasp.sra.ebi.ac.uk:vol1/fastq/SRR852/002/SRR8524932/SRR8524932_2.fastq.gz	https://sra-downloadb.be-md.ncbi.nlm.nih.gov/sos5/sra-pub-zq-14/SRR008/524/SRR8524932.sralite.1	unknown/not stated	Gastrocnemius	27Mo	male
61	SRS4322538	SRR8524933	PRJNA516151	PAIRED	era-fasp@fasp.sra.ebi.ac.uk:vol1/fastq/SRR852/003/SRR8524933/SRR8524933_1.fastq.gz	era-fasp@fasp.sra.ebi.ac.uk:vol1/fastq/SRR852/003/SRR8524933/SRR8524933_2.fastq.gz	https://sra-downloadb.be-md.ncbi.nlm.nih.gov/sos5/sra-pub-zq-14/SRR008/524/SRR8524933.sralite.1	unknown/not stated	Gastrocnemius	27Mo	male
62	SRS4322536	SRR8524934	PRJNA516151	PAIRED	era-fasp@fasp.sra.ebi.ac.uk:vol1/fastq/SRR852/004/SRR8524934/SRR8524934_1.fastq.gz	era-fasp@fasp.sra.ebi.ac.uk:vol1/fastq/SRR852/004/SRR8524934/SRR8524934_2.fastq.gz	https://sra-downloadb.be-md.ncbi.nlm.nih.gov/sos5/sra-pub-zq-16/SRR008/524/SRR8524934.sralite.1	unknown/not stated	Gastrocnemius	27Mo	male
63	SRS4322537	SRR8524935	PRJNA516151	PAIRED	era-fasp@fasp.sra.ebi.ac.uk:vol1/fastq/SRR852/005/SRR8524935/SRR8524935_1.fastq.gz	era-fasp@fasp.sra.ebi.ac.uk:vol1/fastq/SRR852/005/SRR8524935/SRR8524935_2.fastq.gz	https://sra-downloadb.be-md.ncbi.nlm.nih.gov/sos5/sra-pub-zq-16/SRR008/524/SRR8524935.sralite.1	unknown/not stated	Gastrocnemius	27Mo	male
64	SRS4322535	SRR8524936	PRJNA516151	PAIRED	era-fasp@fasp.sra.ebi.ac.uk:vol1/fastq/SRR852/006/SRR8524936/SRR8524936_1.fastq.gz	era-fasp@fasp.sra.ebi.ac.uk:vol1/fastq/SRR852/006/SRR8524936/SRR8524936_2.fastq.gz	https://sra-downloadb.be-md.ncbi.nlm.nih.gov/sos5/sra-pub-zq-14/SRR008/524/SRR8524936.sralite.1	unknown/not stated	Gastrocnemius	27Mo	male
65	SRS4322534	SRR8524937	PRJNA516151	PAIRED	era-fasp@fasp.sra.ebi.ac.uk:vol1/fastq/SRR852/007/SRR8524937/SRR8524937_1.fastq.gz	era-fasp@fasp.sra.ebi.ac.uk:vol1/fastq/SRR852/007/SRR8524937/SRR8524937_2.fastq.gz	https://sra-downloadb.be-md.ncbi.nlm.nih.gov/sos5/sra-pub-zq-14/SRR008/524/SRR8524937.sralite.1	unknown/not stated	Gastrocnemius	27Mo	male
66	SRS4322533	SRR8524938	PRJNA516151	PAIRED	era-fasp@fasp.sra.ebi.ac.uk:vol1/fastq/SRR852/008/SRR8524938/SRR8524938_1.fastq.gz	era-fasp@fasp.sra.ebi.ac.uk:vol1/fastq/SRR852/008/SRR8524938/SRR8524938_2.fastq.gz	https://sra-downloadb.be-md.ncbi.nlm.nih.gov/sos5/sra-pub-zq-16/SRR008/524/SRR8524938.sralite.1	unknown/not stated	Gastrocnemius	18Mo	male
67	SRS4322532	SRR8524939	PRJNA516151	PAIRED	era-fasp@fasp.sra.ebi.ac.uk:vol1/fastq/SRR852/009/SRR8524939/SRR8524939_1.fastq.gz	era-fasp@fasp.sra.ebi.ac.uk:vol1/fastq/SRR852/009/SRR8524939/SRR8524939_2.fastq.gz	https://sra-downloadb.be-md.ncbi.nlm.nih.gov/sos5/sra-pub-zq-16/SRR008/524/SRR8524939.sralite.1	unknown/not stated	Gastrocnemius	18Mo	male
68	SRS4322531	SRR8524940	PRJNA516151	PAIRED	era-fasp@fasp.sra.ebi.ac.uk:vol1/fastq/SRR852/000/SRR8524940/SRR8524940_1.fastq.gz	era-fasp@fasp.sra.ebi.ac.uk:vol1/fastq/SRR852/000/SRR8524940/SRR8524940_2.fastq.gz	https://sra-downloadb.be-md.ncbi.nlm.nih.gov/sos5/sra-pub-zq-14/SRR008/524/SRR8524940.sralite.1	unknown/not stated	Gastrocnemius	18Mo	male
69	SRS4322530	SRR8524941	PRJNA516151	PAIRED	era-fasp@fasp.sra.ebi.ac.uk:vol1/fastq/SRR852/001/SRR8524941/SRR8524941_1.fastq.gz	era-fasp@fasp.sra.ebi.ac.uk:vol1/fastq/SRR852/001/SRR8524941/SRR8524941_2.fastq.gz	https://sra-downloadb.be-md.ncbi.nlm.nih.gov/sos5/sra-pub-zq-14/SRR008/524/SRR8524941.sralite.1	unknown/not stated	Gastrocnemius	18Mo	male
70	SRS4322529	SRR8524942	PRJNA516151	PAIRED	era-fasp@fasp.sra.ebi.ac.uk:vol1/fastq/SRR852/002/SRR8524942/SRR8524942_1.fastq.gz	era-fasp@fasp.sra.ebi.ac.uk:vol1/fastq/SRR852/002/SRR8524942/SRR8524942_2.fastq.gz	https://sra-downloadb.be-md.ncbi.nlm.nih.gov/sos5/sra-pub-zq-16/SRR008/524/SRR8524942.sralite.1	unknown/not stated	Gastrocnemius	21Mo	male
71	SRS4322528	SRR8524943	PRJNA516151	PAIRED	era-fasp@fasp.sra.ebi.ac.uk:vol1/fastq/SRR852/003/SRR8524943/SRR8524943_1.fastq.gz	era-fasp@fasp.sra.ebi.ac.uk:vol1/fastq/SRR852/003/SRR8524943/SRR8524943_2.fastq.gz	https://sra-downloadb.be-md.ncbi.nlm.nih.gov/sos5/sra-pub-zq-14/SRR008/524/SRR8524943.sralite.1	unknown/not stated	Gastrocnemius	21Mo	male
72	SRS4322527	SRR8524944	PRJNA516151	PAIRED	era-fasp@fasp.sra.ebi.ac.uk:vol1/fastq/SRR852/004/SRR8524944/SRR8524944_1.fastq.gz	era-fasp@fasp.sra.ebi.ac.uk:vol1/fastq/SRR852/004/SRR8524944/SRR8524944_2.fastq.gz	https://sra-downloadb.be-md.ncbi.nlm.nih.gov/sos5/sra-pub-zq-16/SRR008/524/SRR8524944.sralite.1	unknown/not stated	Gastrocnemius	21Mo	male
73	SRS4322526	SRR8524945	PRJNA516151	PAIRED	era-fasp@fasp.sra.ebi.ac.uk:vol1/fastq/SRR852/005/SRR8524945/SRR8524945_1.fastq.gz	era-fasp@fasp.sra.ebi.ac.uk:vol1/fastq/SRR852/005/SRR8524945/SRR8524945_2.fastq.gz	https://sra-downloadb.be-md.ncbi.nlm.nih.gov/sos5/sra-pub-zq-14/SRR008/524/SRR8524945.sralite.1	unknown/not stated	Gastrocnemius	18Mo	male
74	SRS4322525	SRR8524946	PRJNA516151	PAIRED	era-fasp@fasp.sra.ebi.ac.uk:vol1/fastq/SRR852/006/SRR8524946/SRR8524946_1.fastq.gz	era-fasp@fasp.sra.ebi.ac.uk:vol1/fastq/SRR852/006/SRR8524946/SRR8524946_2.fastq.gz	https://sra-downloadb.be-md.ncbi.nlm.nih.gov/sos3/sra-pub-zq-22/SRR008/524/SRR8524946.sralite.1	unknown/not stated	Gastrocnemius	21Mo	male
75	SRS4322524	SRR8524947	PRJNA516151	PAIRED	era-fasp@fasp.sra.ebi.ac.uk:vol1/fastq/SRR852/007/SRR8524947/SRR8524947_1.fastq.gz	era-fasp@fasp.sra.ebi.ac.uk:vol1/fastq/SRR852/007/SRR8524947/SRR8524947_2.fastq.gz	https://sra-downloadb.be-md.ncbi.nlm.nih.gov/sos5/sra-pub-zq-14/SRR008/524/SRR8524947.sralite.1	unknown/not stated	Gastrocnemius	21Mo	male
76	SRS4322523	SRR8524948	PRJNA516151	PAIRED	era-fasp@fasp.sra.ebi.ac.uk:vol1/fastq/SRR852/008/SRR8524948/SRR8524948_1.fastq.gz	era-fasp@fasp.sra.ebi.ac.uk:vol1/fastq/SRR852/008/SRR8524948/SRR8524948_2.fastq.gz	https://sra-downloadb.be-md.ncbi.nlm.nih.gov/sos5/sra-pub-zq-14/SRR008/524/SRR8524948.sralite.1	unknown/not stated	Gastrocnemius	9Mo	male
77	SRS4322522	SRR8524949	PRJNA516151	PAIRED	era-fasp@fasp.sra.ebi.ac.uk:vol1/fastq/SRR852/009/SRR8524949/SRR8524949_1.fastq.gz	era-fasp@fasp.sra.ebi.ac.uk:vol1/fastq/SRR852/009/SRR8524949/SRR8524949_2.fastq.gz	https://sra-downloadb.be-md.ncbi.nlm.nih.gov/sos5/sra-pub-zq-14/SRR008/524/SRR8524949.sralite.1	unknown/not stated	Gastrocnemius	9Mo	male
78	SRS4322521	SRR8524950	PRJNA516151	PAIRED	era-fasp@fasp.sra.ebi.ac.uk:vol1/fastq/SRR852/000/SRR8524950/SRR8524950_1.fastq.gz	era-fasp@fasp.sra.ebi.ac.uk:vol1/fastq/SRR852/000/SRR8524950/SRR8524950_2.fastq.gz	https://sra-downloadb.be-md.ncbi.nlm.nih.gov/sos3/sra-pub-zq-22/SRR008/524/SRR8524950.sralite.1	unknown/not stated	Gastrocnemius	18Mo	male
79	SRS4322520	SRR8524951	PRJNA516151	PAIRED	era-fasp@fasp.sra.ebi.ac.uk:vol1/fastq/SRR852/001/SRR8524951/SRR8524951_1.fastq.gz	era-fasp@fasp.sra.ebi.ac.uk:vol1/fastq/SRR852/001/SRR8524951/SRR8524951_2.fastq.gz	https://sra-downloadb.be-md.ncbi.nlm.nih.gov/sos5/sra-pub-zq-14/SRR008/524/SRR8524951.sralite.1	unknown/not stated	Gastrocnemius	18Mo	male
80	SRS4322519	SRR8524952	PRJNA516151	PAIRED	era-fasp@fasp.sra.ebi.ac.uk:vol1/fastq/SRR852/002/SRR8524952/SRR8524952_1.fastq.gz	era-fasp@fasp.sra.ebi.ac.uk:vol1/fastq/SRR852/002/SRR8524952/SRR8524952_2.fastq.gz	https://sra-downloadb.be-md.ncbi.nlm.nih.gov/sos5/sra-pub-zq-16/SRR008/524/SRR8524952.sralite.1	unknown/not stated	Gastrocnemius	12Mo	male
81	SRS4322517	SRR8524953	PRJNA516151	PAIRED	era-fasp@fasp.sra.ebi.ac.uk:vol1/fastq/SRR852/003/SRR8524953/SRR8524953_1.fastq.gz	era-fasp@fasp.sra.ebi.ac.uk:vol1/fastq/SRR852/003/SRR8524953/SRR8524953_2.fastq.gz	https://sra-downloadb.be-md.ncbi.nlm.nih.gov/sos5/sra-pub-zq-16/SRR008/524/SRR8524953.sralite.1	unknown/not stated	Gastrocnemius	12Mo	male
82	SRS4322518	SRR8524954	PRJNA516151	PAIRED	era-fasp@fasp.sra.ebi.ac.uk:vol1/fastq/SRR852/004/SRR8524954/SRR8524954_1.fastq.gz	era-fasp@fasp.sra.ebi.ac.uk:vol1/fastq/SRR852/004/SRR8524954/SRR8524954_2.fastq.gz	https://sra-downloadb.be-md.ncbi.nlm.nih.gov/sos3/sra-pub-zq-22/SRR008/524/SRR8524954.sralite.1	unknown/not stated	Gastrocnemius	12Mo	male
83	SRS4322516	SRR8524955	PRJNA516151	PAIRED	era-fasp@fasp.sra.ebi.ac.uk:vol1/fastq/SRR852/005/SRR8524955/SRR8524955_1.fastq.gz	era-fasp@fasp.sra.ebi.ac.uk:vol1/fastq/SRR852/005/SRR8524955/SRR8524955_2.fastq.gz	https://sra-downloadb.be-md.ncbi.nlm.nih.gov/sos3/sra-pub-zq-22/SRR008/524/SRR8524955.sralite.1	unknown/not stated	Gastrocnemius	12Mo	male
84	SRS4322515	SRR8524956	PRJNA516151	PAIRED	era-fasp@fasp.sra.ebi.ac.uk:vol1/fastq/SRR852/006/SRR8524956/SRR8524956_1.fastq.gz	era-fasp@fasp.sra.ebi.ac.uk:vol1/fastq/SRR852/006/SRR8524956/SRR8524956_2.fastq.gz	https://sra-downloadb.be-md.ncbi.nlm.nih.gov/sos5/sra-pub-zq-14/SRR008/524/SRR8524956.sralite.1	unknown/not stated	Gastrocnemius	12Mo	male
85	SRS4322514	SRR8524957	PRJNA516151	PAIRED	era-fasp@fasp.sra.ebi.ac.uk:vol1/fastq/SRR852/007/SRR8524957/SRR8524957_1.fastq.gz	era-fasp@fasp.sra.ebi.ac.uk:vol1/fastq/SRR852/007/SRR8524957/SRR8524957_2.fastq.gz	https://sra-downloadb.be-md.ncbi.nlm.nih.gov/sos5/sra-pub-zq-16/SRR008/524/SRR8524957.sralite.1	unknown/not stated	Gastrocnemius	12Mo	male
86	SRS4322513	SRR8524958	PRJNA516151	PAIRED	era-fasp@fasp.sra.ebi.ac.uk:vol1/fastq/SRR852/008/SRR8524958/SRR8524958_1.fastq.gz	era-fasp@fasp.sra.ebi.ac.uk:vol1/fastq/SRR852/008/SRR8524958/SRR8524958_2.fastq.gz	https://sra-downloadb.be-md.ncbi.nlm.nih.gov/sos5/sra-pub-zq-14/SRR008/524/SRR8524958.sralite.1	unknown/not stated	Gastrocnemius	12Mo	male
87	SRS4322512	SRR8524959	PRJNA516151	PAIRED	era-fasp@fasp.sra.ebi.ac.uk:vol1/fastq/SRR852/009/SRR8524959/SRR8524959_1.fastq.gz	era-fasp@fasp.sra.ebi.ac.uk:vol1/fastq/SRR852/009/SRR8524959/SRR8524959_2.fastq.gz	https://sra-downloadb.be-md.ncbi.nlm.nih.gov/sos5/sra-pub-zq-16/SRR008/524/SRR8524959.sralite.1	unknown/not stated	Gastrocnemius	12Mo	male
88	SRS4322511	SRR8524960	PRJNA516151	PAIRED	era-fasp@fasp.sra.ebi.ac.uk:vol1/fastq/SRR852/000/SRR8524960/SRR8524960_1.fastq.gz	era-fasp@fasp.sra.ebi.ac.uk:vol1/fastq/SRR852/000/SRR8524960/SRR8524960_2.fastq.gz	https://sra-downloadb.be-md.ncbi.nlm.nih.gov/sos5/sra-pub-zq-14/SRR008/524/SRR8524960.sralite.1	unknown/not stated	Gastrocnemius	24Mo	male
89	SRS4322510	SRR8524961	PRJNA516151	PAIRED	era-fasp@fasp.sra.ebi.ac.uk:vol1/fastq/SRR852/001/SRR8524961/SRR8524961_1.fastq.gz	era-fasp@fasp.sra.ebi.ac.uk:vol1/fastq/SRR852/001/SRR8524961/SRR8524961_2.fastq.gz	https://sra-downloadb.be-md.ncbi.nlm.nih.gov/sos5/sra-pub-zq-14/SRR008/524/SRR8524961.sralite.1	unknown/not stated	Gastrocnemius	24Mo	male
90	SRS4322509	SRR8524962	PRJNA516151	PAIRED	era-fasp@fasp.sra.ebi.ac.uk:vol1/fastq/SRR852/002/SRR8524962/SRR8524962_1.fastq.gz	era-fasp@fasp.sra.ebi.ac.uk:vol1/fastq/SRR852/002/SRR8524962/SRR8524962_2.fastq.gz	https://sra-downloadb.be-md.ncbi.nlm.nih.gov/sos5/sra-pub-zq-16/SRR008/524/SRR8524962.sralite.1	unknown/not stated	Gastrocnemius	24Mo	male
91	SRS4322508	SRR8524963	PRJNA516151	PAIRED	era-fasp@fasp.sra.ebi.ac.uk:vol1/fastq/SRR852/003/SRR8524963/SRR8524963_1.fastq.gz	era-fasp@fasp.sra.ebi.ac.uk:vol1/fastq/SRR852/003/SRR8524963/SRR8524963_2.fastq.gz	https://sra-downloadb.be-md.ncbi.nlm.nih.gov/sos5/sra-pub-zq-16/SRR008/524/SRR8524963.sralite.1	unknown/not stated	Gastrocnemius	24Mo	male
92	SRS4322507	SRR8524964	PRJNA516151	PAIRED	era-fasp@fasp.sra.ebi.ac.uk:vol1/fastq/SRR852/004/SRR8524964/SRR8524964_1.fastq.gz	era-fasp@fasp.sra.ebi.ac.uk:vol1/fastq/SRR852/004/SRR8524964/SRR8524964_2.fastq.gz	https://sra-downloadb.be-md.ncbi.nlm.nih.gov/sos3/sra-pub-zq-22/SRR008/524/SRR8524964.sralite.1	unknown/not stated	Gastrocnemius	21Mo	male
93	SRS4322506	SRR8524965	PRJNA516151	PAIRED	era-fasp@fasp.sra.ebi.ac.uk:vol1/fastq/SRR852/005/SRR8524965/SRR8524965_1.fastq.gz	era-fasp@fasp.sra.ebi.ac.uk:vol1/fastq/SRR852/005/SRR8524965/SRR8524965_2.fastq.gz	https://sra-downloadb.be-md.ncbi.nlm.nih.gov/sos5/sra-pub-zq-14/SRR008/524/SRR8524965.sralite.1	unknown/not stated	Gastrocnemius	21Mo	male
94	SRS4322504	SRR8524966	PRJNA516151	PAIRED	era-fasp@fasp.sra.ebi.ac.uk:vol1/fastq/SRR852/006/SRR8524966/SRR8524966_1.fastq.gz	era-fasp@fasp.sra.ebi.ac.uk:vol1/fastq/SRR852/006/SRR8524966/SRR8524966_2.fastq.gz	https://sra-downloadb.be-md.ncbi.nlm.nih.gov/sos5/sra-pub-zq-14/SRR008/524/SRR8524966.sralite.1	unknown/not stated	Gastrocnemius	24Mo	male
95	SRS4322505	SRR8524967	PRJNA516151	PAIRED	era-fasp@fasp.sra.ebi.ac.uk:vol1/fastq/SRR852/007/SRR8524967/SRR8524967_1.fastq.gz	era-fasp@fasp.sra.ebi.ac.uk:vol1/fastq/SRR852/007/SRR8524967/SRR8524967_2.fastq.gz	https://sra-downloadb.be-md.ncbi.nlm.nih.gov/sos5/sra-pub-zq-14/SRR008/524/SRR8524967.sralite.1	unknown/not stated	Gastrocnemius	24Mo	male
96	SRS4322503	SRR8524968	PRJNA516151	PAIRED	era-fasp@fasp.sra.ebi.ac.uk:vol1/fastq/SRR852/008/SRR8524968/SRR8524968_1.fastq.gz	era-fasp@fasp.sra.ebi.ac.uk:vol1/fastq/SRR852/008/SRR8524968/SRR8524968_2.fastq.gz	https://sra-downloadb.be-md.ncbi.nlm.nih.gov/sos5/sra-pub-zq-14/SRR008/524/SRR8524968.sralite.1	unknown/not stated	Gastrocnemius	24Mo	male
97	SRS4322502	SRR8524969	PRJNA516151	PAIRED	era-fasp@fasp.sra.ebi.ac.uk:vol1/fastq/SRR852/009/SRR8524969/SRR8524969_1.fastq.gz	era-fasp@fasp.sra.ebi.ac.uk:vol1/fastq/SRR852/009/SRR8524969/SRR8524969_2.fastq.gz	https://sra-downloadb.be-md.ncbi.nlm.nih.gov/sos5/sra-pub-zq-14/SRR008/524/SRR8524969.sralite.1	unknown/not stated	Gastrocnemius	24Mo	male
98	SRS4322501	SRR8524970	PRJNA516151	PAIRED	era-fasp@fasp.sra.ebi.ac.uk:vol1/fastq/SRR852/000/SRR8524970/SRR8524970_1.fastq.gz	era-fasp@fasp.sra.ebi.ac.uk:vol1/fastq/SRR852/000/SRR8524970/SRR8524970_2.fastq.gz	https://sra-downloadb.be-md.ncbi.nlm.nih.gov/sos3/sra-pub-zq-22/SRR008/524/SRR8524970.sralite.1	unknown/not stated	Gastrocnemius	9Mo	male
99	SRS4322500	SRR8524971	PRJNA516151	PAIRED	era-fasp@fasp.sra.ebi.ac.uk:vol1/fastq/SRR852/001/SRR8524971/SRR8524971_1.fastq.gz	era-fasp@fasp.sra.ebi.ac.uk:vol1/fastq/SRR852/001/SRR8524971/SRR8524971_2.fastq.gz	https://sra-downloadb.be-md.ncbi.nlm.nih.gov/sos3/sra-pub-zq-22/SRR008/524/SRR8524971.sralite.1	unknown/not stated	Gastrocnemius	9Mo	male
100	SRS4322499	SRR8524972	PRJNA516151	PAIRED	era-fasp@fasp.sra.ebi.ac.uk:vol1/fastq/SRR852/002/SRR8524972/SRR8524972_1.fastq.gz	era-fasp@fasp.sra.ebi.ac.uk:vol1/fastq/SRR852/002/SRR8524972/SRR8524972_2.fastq.gz	https://sra-downloadb.be-md.ncbi.nlm.nih.gov/sos5/sra-pub-zq-14/SRR008/524/SRR8524972.sralite.1	unknown/not stated	Gastrocnemius	6Mo	male
101	SRS4322498	SRR8524973	PRJNA516151	PAIRED	era-fasp@fasp.sra.ebi.ac.uk:vol1/fastq/SRR852/003/SRR8524973/SRR8524973_1.fastq.gz	era-fasp@fasp.sra.ebi.ac.uk:vol1/fastq/SRR852/003/SRR8524973/SRR8524973_2.fastq.gz	https://sra-downloadb.be-md.ncbi.nlm.nih.gov/sos5/sra-pub-zq-14/SRR008/524/SRR8524973.sralite.1	unknown/not stated	Gastrocnemius	6Mo	male
102	SRS4322497	SRR8524974	PRJNA516151	PAIRED	era-fasp@fasp.sra.ebi.ac.uk:vol1/fastq/SRR852/004/SRR8524974/SRR8524974_1.fastq.gz	era-fasp@fasp.sra.ebi.ac.uk:vol1/fastq/SRR852/004/SRR8524974/SRR8524974_2.fastq.gz	https://sra-downloadb.be-md.ncbi.nlm.nih.gov/sos5/sra-pub-zq-14/SRR008/524/SRR8524974.sralite.1	unknown/not stated	Gastrocnemius	6Mo	male
103	SRS4322496	SRR8524975	PRJNA516151	PAIRED	era-fasp@fasp.sra.ebi.ac.uk:vol1/fastq/SRR852/005/SRR8524975/SRR8524975_1.fastq.gz	era-fasp@fasp.sra.ebi.ac.uk:vol1/fastq/SRR852/005/SRR8524975/SRR8524975_2.fastq.gz	https://sra-downloadb.be-md.ncbi.nlm.nih.gov/sos3/sra-pub-zq-22/SRR008/524/SRR8524975.sralite.1	unknown/not stated	Gastrocnemius	6Mo	male
104	SRS4322495	SRR8524976	PRJNA516151	PAIRED	era-fasp@fasp.sra.ebi.ac.uk:vol1/fastq/SRR852/006/SRR8524976/SRR8524976_1.fastq.gz	era-fasp@fasp.sra.ebi.ac.uk:vol1/fastq/SRR852/006/SRR8524976/SRR8524976_2.fastq.gz	https://sra-downloadb.be-md.ncbi.nlm.nih.gov/sos5/sra-pub-zq-14/SRR008/524/SRR8524976.sralite.1	unknown/not stated	Gastrocnemius	6Mo	male
105	SRS4322494	SRR8524977	PRJNA516151	PAIRED	era-fasp@fasp.sra.ebi.ac.uk:vol1/fastq/SRR852/007/SRR8524977/SRR8524977_1.fastq.gz	era-fasp@fasp.sra.ebi.ac.uk:vol1/fastq/SRR852/007/SRR8524977/SRR8524977_2.fastq.gz	https://sra-downloadb.be-md.ncbi.nlm.nih.gov/sos5/sra-pub-zq-14/SRR008/524/SRR8524977.sralite.1	unknown/not stated	Gastrocnemius	9Mo	male
106	SRS4322493	SRR8524978	PRJNA516151	PAIRED	era-fasp@fasp.sra.ebi.ac.uk:vol1/fastq/SRR852/008/SRR8524978/SRR8524978_1.fastq.gz	era-fasp@fasp.sra.ebi.ac.uk:vol1/fastq/SRR852/008/SRR8524978/SRR8524978_2.fastq.gz	https://sra-downloadb.be-md.ncbi.nlm.nih.gov/sos3/sra-pub-zq-22/SRR008/524/SRR8524978.sralite.1	unknown/not stated	Gastrocnemius	9Mo	male
107	SRS4322492	SRR8524979	PRJNA516151	PAIRED	era-fasp@fasp.sra.ebi.ac.uk:vol1/fastq/SRR852/009/SRR8524979/SRR8524979_1.fastq.gz	era-fasp@fasp.sra.ebi.ac.uk:vol1/fastq/SRR852/009/SRR8524979/SRR8524979_2.fastq.gz	https://sra-downloadb.be-md.ncbi.nlm.nih.gov/sos5/sra-pub-zq-14/SRR008/524/SRR8524979.sralite.1	unknown/not stated	Gastrocnemius	9Mo	male
108	SRS4470322	SRR8705683	PRJNA516151	PAIRED	era-fasp@fasp.sra.ebi.ac.uk:vol1/fastq/SRR870/003/SRR8705683/SRR8705683_1.fastq.gz	era-fasp@fasp.sra.ebi.ac.uk:vol1/fastq/SRR870/003/SRR8705683/SRR8705683_2.fastq.gz	https://sra-downloadb.be-md.ncbi.nlm.nih.gov/sos3/sra-pub-zq-22/SRR008/705/SRR8705683.sralite.1	unknown/not stated	kidney	9Mo	male
109	SRS4470321	SRR8705684	PRJNA516151	PAIRED	era-fasp@fasp.sra.ebi.ac.uk:vol1/fastq/SRR870/004/SRR8705684/SRR8705684_1.fastq.gz	era-fasp@fasp.sra.ebi.ac.uk:vol1/fastq/SRR870/004/SRR8705684/SRR8705684_2.fastq.gz	https://sra-downloadb.be-md.ncbi.nlm.nih.gov/sos3/sra-pub-zq-22/SRR008/705/SRR8705684.sralite.1	unknown/not stated	kidney	9Mo	male
110	SRS4470320	SRR8705685	PRJNA516151	PAIRED	era-fasp@fasp.sra.ebi.ac.uk:vol1/fastq/SRR870/005/SRR8705685/SRR8705685_1.fastq.gz	era-fasp@fasp.sra.ebi.ac.uk:vol1/fastq/SRR870/005/SRR8705685/SRR8705685_2.fastq.gz	https://sra-downloadb.be-md.ncbi.nlm.nih.gov/sos3/sra-pub-zq-22/SRR008/705/SRR8705685.sralite.1	unknown/not stated	kidney	12Mo	male
111	SRS4470319	SRR8705686	PRJNA516151	PAIRED	era-fasp@fasp.sra.ebi.ac.uk:vol1/fastq/SRR870/006/SRR8705686/SRR8705686_1.fastq.gz	era-fasp@fasp.sra.ebi.ac.uk:vol1/fastq/SRR870/006/SRR8705686/SRR8705686_2.fastq.gz	https://sra-downloadb.be-md.ncbi.nlm.nih.gov/sos3/sra-pub-zq-22/SRR008/705/SRR8705686.sralite.1	unknown/not stated	kidney	9Mo	male
112	SRS4470318	SRR8705687	PRJNA516151	PAIRED	era-fasp@fasp.sra.ebi.ac.uk:vol1/fastq/SRR870/007/SRR8705687/SRR8705687_1.fastq.gz	era-fasp@fasp.sra.ebi.ac.uk:vol1/fastq/SRR870/007/SRR8705687/SRR8705687_2.fastq.gz	https://sra-downloadb.be-md.ncbi.nlm.nih.gov/sos5/sra-pub-zq-16/SRR008/705/SRR8705687.sralite.1	unknown/not stated	kidney	9Mo	male
113	SRS4470317	SRR8705688	PRJNA516151	PAIRED	era-fasp@fasp.sra.ebi.ac.uk:vol1/fastq/SRR870/008/SRR8705688/SRR8705688_1.fastq.gz	era-fasp@fasp.sra.ebi.ac.uk:vol1/fastq/SRR870/008/SRR8705688/SRR8705688_2.fastq.gz	https://sra-downloadb.be-md.ncbi.nlm.nih.gov/sos5/sra-pub-zq-16/SRR008/705/SRR8705688.sralite.1	unknown/not stated	kidney	27Mo	male
114	SRS4470316	SRR8705689	PRJNA516151	PAIRED	era-fasp@fasp.sra.ebi.ac.uk:vol1/fastq/SRR870/009/SRR8705689/SRR8705689_1.fastq.gz	era-fasp@fasp.sra.ebi.ac.uk:vol1/fastq/SRR870/009/SRR8705689/SRR8705689_2.fastq.gz	https://sra-downloadb.be-md.ncbi.nlm.nih.gov/sos5/sra-pub-zq-16/SRR008/705/SRR8705689.sralite.1	unknown/not stated	kidney	24Mo	male
115	SRS4470315	SRR8705690	PRJNA516151	PAIRED	era-fasp@fasp.sra.ebi.ac.uk:vol1/fastq/SRR870/000/SRR8705690/SRR8705690_1.fastq.gz	era-fasp@fasp.sra.ebi.ac.uk:vol1/fastq/SRR870/000/SRR8705690/SRR8705690_2.fastq.gz	https://sra-downloadb.be-md.ncbi.nlm.nih.gov/sos5/sra-pub-zq-16/SRR008/705/SRR8705690.sralite.1	unknown/not stated	kidney	6Mo	male
116	SRS4470298	SRR8705691	PRJNA516151	PAIRED	era-fasp@fasp.sra.ebi.ac.uk:vol1/fastq/SRR870/001/SRR8705691/SRR8705691_1.fastq.gz	era-fasp@fasp.sra.ebi.ac.uk:vol1/fastq/SRR870/001/SRR8705691/SRR8705691_2.fastq.gz	https://sra-downloadb.be-md.ncbi.nlm.nih.gov/sos5/sra-pub-zq-16/SRR008/705/SRR8705691.sralite.1	unknown/not stated	kidney	6Mo	male
117	SRS4470314	SRR8705692	PRJNA516151	PAIRED	era-fasp@fasp.sra.ebi.ac.uk:vol1/fastq/SRR870/002/SRR8705692/SRR8705692_1.fastq.gz	era-fasp@fasp.sra.ebi.ac.uk:vol1/fastq/SRR870/002/SRR8705692/SRR8705692_2.fastq.gz	https://sra-downloadb.be-md.ncbi.nlm.nih.gov/sos5/sra-pub-zq-16/SRR008/705/SRR8705692.sralite.1	unknown/not stated	kidney	6Mo	male
118	SRS4470313	SRR8705693	PRJNA516151	PAIRED	era-fasp@fasp.sra.ebi.ac.uk:vol1/fastq/SRR870/003/SRR8705693/SRR8705693_1.fastq.gz	era-fasp@fasp.sra.ebi.ac.uk:vol1/fastq/SRR870/003/SRR8705693/SRR8705693_2.fastq.gz	https://sra-downloadb.be-md.ncbi.nlm.nih.gov/sos5/sra-pub-zq-16/SRR008/705/SRR8705693.sralite.1	unknown/not stated	kidney	24Mo	male
118	SRS4470314	SRR8705694	PRJNA516151	PAIRED	era-fasp@fasp.sra.ebi.ac.uk:vol1/fastq/SRR870/004/SRR8705694/SRR8705694_1.fastq.gz	era-fasp@fasp.sra.ebi.ac.uk:vol1/fastq/SRR870/004/SRR8705694/SRR8705694_2.fastq.gz	https://sra-downloadb.be-md.ncbi.nlm.nih.gov/sos5/sra-pub-zq-16/SRR008/705/SRR8705694.sralite.1	unknown/not stated	kidney	6Mo	male
118	SRS4470313	SRR8705695	PRJNA516151	PAIRED	era-fasp@fasp.sra.ebi.ac.uk:vol1/fastq/SRR870/005/SRR8705695/SRR8705695_1.fastq.gz	era-fasp@fasp.sra.ebi.ac.uk:vol1/fastq/SRR870/005/SRR8705695/SRR8705695_2.fastq.gz	https://sra-downloadb.be-md.ncbi.nlm.nih.gov/sos5/sra-pub-zq-14/SRR008/705/SRR8705695.sralite.1	unknown/not stated	kidney	24Mo	male
119	SRS4470272	SRR8705696	PRJNA516151	PAIRED	era-fasp@fasp.sra.ebi.ac.uk:vol1/fastq/SRR870/006/SRR8705696/SRR8705696_1.fastq.gz	era-fasp@fasp.sra.ebi.ac.uk:vol1/fastq/SRR870/006/SRR8705696/SRR8705696_2.fastq.gz	https://sra-downloadb.be-md.ncbi.nlm.nih.gov/sos5/sra-pub-zq-16/SRR008/705/SRR8705696.sralite.1	unknown/not stated	kidney	6Mo	male
120	SRS4470312	SRR8705697	PRJNA516151	PAIRED	era-fasp@fasp.sra.ebi.ac.uk:vol1/fastq/SRR870/007/SRR8705697/SRR8705697_1.fastq.gz	era-fasp@fasp.sra.ebi.ac.uk:vol1/fastq/SRR870/007/SRR8705697/SRR8705697_2.fastq.gz	https://sra-downloadb.be-md.ncbi.nlm.nih.gov/sos5/sra-pub-zq-16/SRR008/705/SRR8705697.sralite.1	unknown/not stated	kidney	27Mo	male
121	SRS4470311	SRR8705698	PRJNA516151	PAIRED	era-fasp@fasp.sra.ebi.ac.uk:vol1/fastq/SRR870/008/SRR8705698/SRR8705698_1.fastq.gz	era-fasp@fasp.sra.ebi.ac.uk:vol1/fastq/SRR870/008/SRR8705698/SRR8705698_2.fastq.gz	https://sra-downloadb.be-md.ncbi.nlm.nih.gov/sos3/sra-pub-zq-22/SRR008/705/SRR8705698.sralite.1	unknown/not stated	kidney	24Mo	male
122	SRS4470310	SRR8705699	PRJNA516151	PAIRED	era-fasp@fasp.sra.ebi.ac.uk:vol1/fastq/SRR870/009/SRR8705699/SRR8705699_1.fastq.gz	era-fasp@fasp.sra.ebi.ac.uk:vol1/fastq/SRR870/009/SRR8705699/SRR8705699_2.fastq.gz	https://sra-downloadb.be-md.ncbi.nlm.nih.gov/sos3/sra-pub-zq-22/SRR008/705/SRR8705699.sralite.1	unknown/not stated	kidney	21Mo	male
123	SRS4470309	SRR8705700	PRJNA516151	PAIRED	era-fasp@fasp.sra.ebi.ac.uk:vol1/fastq/SRR870/000/SRR8705700/SRR8705700_1.fastq.gz	era-fasp@fasp.sra.ebi.ac.uk:vol1/fastq/SRR870/000/SRR8705700/SRR8705700_2.fastq.gz	https://sra-downloadb.be-md.ncbi.nlm.nih.gov/sos5/sra-pub-zq-16/SRR008/705/SRR8705700.sralite.1	unknown/not stated	kidney	21Mo	male
124	SRS4470308	SRR8705701	PRJNA516151	PAIRED	era-fasp@fasp.sra.ebi.ac.uk:vol1/fastq/SRR870/001/SRR8705701/SRR8705701_1.fastq.gz	era-fasp@fasp.sra.ebi.ac.uk:vol1/fastq/SRR870/001/SRR8705701/SRR8705701_2.fastq.gz	https://sra-downloadb.be-md.ncbi.nlm.nih.gov/sos5/sra-pub-zq-16/SRR008/705/SRR8705701.sralite.1	unknown/not stated	kidney	27Mo	male
124	SRS4470308	SRR8705702	PRJNA516151	PAIRED	era-fasp@fasp.sra.ebi.ac.uk:vol1/fastq/SRR870/002/SRR8705702/SRR8705702_1.fastq.gz	era-fasp@fasp.sra.ebi.ac.uk:vol1/fastq/SRR870/002/SRR8705702/SRR8705702_2.fastq.gz	https://sra-downloadb.be-md.ncbi.nlm.nih.gov/sos3/sra-pub-zq-22/SRR008/705/SRR8705702.sralite.1	unknown/not stated	kidney	27Mo	male
125	SRS4470307	SRR8705703	PRJNA516151	PAIRED	era-fasp@fasp.sra.ebi.ac.uk:vol1/fastq/SRR870/003/SRR8705703/SRR8705703_1.fastq.gz	era-fasp@fasp.sra.ebi.ac.uk:vol1/fastq/SRR870/003/SRR8705703/SRR8705703_2.fastq.gz	https://sra-downloadb.be-md.ncbi.nlm.nih.gov/sos3/sra-pub-zq-22/SRR008/705/SRR8705703.sralite.1	unknown/not stated	kidney	24Mo	male
126	SRS4470306	SRR8705704	PRJNA516151	PAIRED	era-fasp@fasp.sra.ebi.ac.uk:vol1/fastq/SRR870/004/SRR8705704/SRR8705704_1.fastq.gz	era-fasp@fasp.sra.ebi.ac.uk:vol1/fastq/SRR870/004/SRR8705704/SRR8705704_2.fastq.gz	https://sra-downloadb.be-md.ncbi.nlm.nih.gov/sos3/sra-pub-zq-22/SRR008/705/SRR8705704.sralite.1	unknown/not stated	kidney	21Mo	male
127	SRS4470305	SRR8705705	PRJNA516151	PAIRED	era-fasp@fasp.sra.ebi.ac.uk:vol1/fastq/SRR870/005/SRR8705705/SRR8705705_1.fastq.gz	era-fasp@fasp.sra.ebi.ac.uk:vol1/fastq/SRR870/005/SRR8705705/SRR8705705_2.fastq.gz	https://sra-downloadb.be-md.ncbi.nlm.nih.gov/sos3/sra-pub-zq-22/SRR008/705/SRR8705705.sralite.1	unknown/not stated	kidney	21Mo	male
128	SRS4470304	SRR8705706	PRJNA516151	PAIRED	era-fasp@fasp.sra.ebi.ac.uk:vol1/fastq/SRR870/006/SRR8705706/SRR8705706_1.fastq.gz	era-fasp@fasp.sra.ebi.ac.uk:vol1/fastq/SRR870/006/SRR8705706/SRR8705706_2.fastq.gz	https://sra-downloadb.be-md.ncbi.nlm.nih.gov/sos3/sra-pub-zq-22/SRR008/705/SRR8705706.sralite.1	unknown/not stated	kidney	18Mo	male
129	SRS4470270	SRR8705707	PRJNA516151	PAIRED	era-fasp@fasp.sra.ebi.ac.uk:vol1/fastq/SRR870/007/SRR8705707/SRR8705707_1.fastq.gz	era-fasp@fasp.sra.ebi.ac.uk:vol1/fastq/SRR870/007/SRR8705707/SRR8705707_2.fastq.gz	https://sra-downloadb.be-md.ncbi.nlm.nih.gov/sos3/sra-pub-zq-22/SRR008/705/SRR8705707.sralite.1	unknown/not stated	kidney	18Mo	male
130	SRS4470303	SRR8705708	PRJNA516151	PAIRED	era-fasp@fasp.sra.ebi.ac.uk:vol1/fastq/SRR870/008/SRR8705708/SRR8705708_1.fastq.gz	era-fasp@fasp.sra.ebi.ac.uk:vol1/fastq/SRR870/008/SRR8705708/SRR8705708_2.fastq.gz	https://sra-downloadb.be-md.ncbi.nlm.nih.gov/sos3/sra-pub-zq-22/SRR008/705/SRR8705708.sralite.1	unknown/not stated	kidney	21Mo	male
131	SRS4470302	SRR8705709	PRJNA516151	PAIRED	era-fasp@fasp.sra.ebi.ac.uk:vol1/fastq/SRR870/009/SRR8705709/SRR8705709_1.fastq.gz	era-fasp@fasp.sra.ebi.ac.uk:vol1/fastq/SRR870/009/SRR8705709/SRR8705709_2.fastq.gz	https://sra-downloadb.be-md.ncbi.nlm.nih.gov/sos5/sra-pub-zq-14/SRR008/705/SRR8705709.sralite.1	unknown/not stated	kidney	21Mo	male
132	SRS4470301	SRR8705710	PRJNA516151	PAIRED	era-fasp@fasp.sra.ebi.ac.uk:vol1/fastq/SRR870/000/SRR8705710/SRR8705710_1.fastq.gz	era-fasp@fasp.sra.ebi.ac.uk:vol1/fastq/SRR870/000/SRR8705710/SRR8705710_2.fastq.gz	https://sra-downloadb.be-md.ncbi.nlm.nih.gov/sos3/sra-pub-zq-22/SRR008/705/SRR8705710.sralite.1	unknown/not stated	kidney	21Mo	male
133	SRS4470300	SRR8705711	PRJNA516151	PAIRED	era-fasp@fasp.sra.ebi.ac.uk:vol1/fastq/SRR870/001/SRR8705711/SRR8705711_1.fastq.gz	era-fasp@fasp.sra.ebi.ac.uk:vol1/fastq/SRR870/001/SRR8705711/SRR8705711_2.fastq.gz	https://sra-downloadb.be-md.ncbi.nlm.nih.gov/sos3/sra-pub-zq-22/SRR008/705/SRR8705711.sralite.1	unknown/not stated	kidney	21Mo	male
134	SRS4470299	SRR8705712	PRJNA516151	PAIRED	era-fasp@fasp.sra.ebi.ac.uk:vol1/fastq/SRR870/002/SRR8705712/SRR8705712_1.fastq.gz	era-fasp@fasp.sra.ebi.ac.uk:vol1/fastq/SRR870/002/SRR8705712/SRR8705712_2.fastq.gz	https://sra-downloadb.be-md.ncbi.nlm.nih.gov/sos3/sra-pub-zq-22/SRR008/705/SRR8705712.sralite.1	unknown/not stated	kidney	9Mo	male
134	SRS4470298	SRR8705713	PRJNA516151	PAIRED	era-fasp@fasp.sra.ebi.ac.uk:vol1/fastq/SRR870/003/SRR8705713/SRR8705713_1.fastq.gz	era-fasp@fasp.sra.ebi.ac.uk:vol1/fastq/SRR870/003/SRR8705713/SRR8705713_2.fastq.gz	https://sra-downloadb.be-md.ncbi.nlm.nih.gov/sos3/sra-pub-zq-22/SRR008/705/SRR8705713.sralite.1	unknown/not stated	kidney	6Mo	male
135	SRS4470297	SRR8705714	PRJNA516151	PAIRED	era-fasp@fasp.sra.ebi.ac.uk:vol1/fastq/SRR870/004/SRR8705714/SRR8705714_1.fastq.gz	era-fasp@fasp.sra.ebi.ac.uk:vol1/fastq/SRR870/004/SRR8705714/SRR8705714_2.fastq.gz	https://sra-downloadb.be-md.ncbi.nlm.nih.gov/sos5/sra-pub-zq-16/SRR008/705/SRR8705714.sralite.1	unknown/not stated	kidney	24Mo	male
136	SRS4470296	SRR8705715	PRJNA516151	PAIRED	era-fasp@fasp.sra.ebi.ac.uk:vol1/fastq/SRR870/005/SRR8705715/SRR8705715_1.fastq.gz	era-fasp@fasp.sra.ebi.ac.uk:vol1/fastq/SRR870/005/SRR8705715/SRR8705715_2.fastq.gz	https://sra-downloadb.be-md.ncbi.nlm.nih.gov/sos3/sra-pub-zq-22/SRR008/705/SRR8705715.sralite.1	unknown/not stated	kidney	9Mo	male
137	SRS4470295	SRR8705716	PRJNA516151	PAIRED	era-fasp@fasp.sra.ebi.ac.uk:vol1/fastq/SRR870/006/SRR8705716/SRR8705716_1.fastq.gz	era-fasp@fasp.sra.ebi.ac.uk:vol1/fastq/SRR870/006/SRR8705716/SRR8705716_2.fastq.gz	https://sra-downloadb.be-md.ncbi.nlm.nih.gov/sos3/sra-pub-zq-22/SRR008/705/SRR8705716.sralite.1	unknown/not stated	kidney	9Mo	male
137	SRS4470295	SRR8705717	PRJNA516151	PAIRED	era-fasp@fasp.sra.ebi.ac.uk:vol1/fastq/SRR870/007/SRR8705717/SRR8705717_1.fastq.gz	era-fasp@fasp.sra.ebi.ac.uk:vol1/fastq/SRR870/007/SRR8705717/SRR8705717_2.fastq.gz	https://sra-downloadb.be-md.ncbi.nlm.nih.gov/sos5/sra-pub-zq-14/SRR008/705/SRR8705717.sralite.1	unknown/not stated	kidney	9Mo	male
138	SRS4470294	SRR8705718	PRJNA516151	PAIRED	era-fasp@fasp.sra.ebi.ac.uk:vol1/fastq/SRR870/008/SRR8705718/SRR8705718_1.fastq.gz	era-fasp@fasp.sra.ebi.ac.uk:vol1/fastq/SRR870/008/SRR8705718/SRR8705718_2.fastq.gz	https://sra-downloadb.be-md.ncbi.nlm.nih.gov/sos5/sra-pub-zq-16/SRR008/705/SRR8705718.sralite.1	unknown/not stated	kidney	6Mo	male
139	SRS4470292	SRR8705719	PRJNA516151	PAIRED	era-fasp@fasp.sra.ebi.ac.uk:vol1/fastq/SRR870/009/SRR8705719/SRR8705719_1.fastq.gz	era-fasp@fasp.sra.ebi.ac.uk:vol1/fastq/SRR870/009/SRR8705719/SRR8705719_2.fastq.gz	https://sra-downloadb.be-md.ncbi.nlm.nih.gov/sos5/sra-pub-zq-14/SRR008/705/SRR8705719.sralite.1	unknown/not stated	kidney	6Mo	male
140	SRS4470293	SRR8705720	PRJNA516151	PAIRED	era-fasp@fasp.sra.ebi.ac.uk:vol1/fastq/SRR870/000/SRR8705720/SRR8705720_1.fastq.gz	era-fasp@fasp.sra.ebi.ac.uk:vol1/fastq/SRR870/000/SRR8705720/SRR8705720_2.fastq.gz	https://sra-downloadb.be-md.ncbi.nlm.nih.gov/sos3/sra-pub-zq-22/SRR008/705/SRR8705720.sralite.1	unknown/not stated	kidney	24Mo	male
140	SRS4470292	SRR8705721	PRJNA516151	PAIRED	era-fasp@fasp.sra.ebi.ac.uk:vol1/fastq/SRR870/001/SRR8705721/SRR8705721_1.fastq.gz	era-fasp@fasp.sra.ebi.ac.uk:vol1/fastq/SRR870/001/SRR8705721/SRR8705721_2.fastq.gz	https://sra-downloadb.be-md.ncbi.nlm.nih.gov/sos5/sra-pub-zq-16/SRR008/705/SRR8705721.sralite.1	unknown/not stated	kidney	6Mo	male
141	SRS4470291	SRR8705722	PRJNA516151	PAIRED	era-fasp@fasp.sra.ebi.ac.uk:vol1/fastq/SRR870/002/SRR8705722/SRR8705722_1.fastq.gz	era-fasp@fasp.sra.ebi.ac.uk:vol1/fastq/SRR870/002/SRR8705722/SRR8705722_2.fastq.gz	https://sra-downloadb.be-md.ncbi.nlm.nih.gov/sos3/sra-pub-zq-22/SRR008/705/SRR8705722.sralite.1	unknown/not stated	kidney	24Mo	male
142	SRS4470289	SRR8705723	PRJNA516151	PAIRED	era-fasp@fasp.sra.ebi.ac.uk:vol1/fastq/SRR870/003/SRR8705723/SRR8705723_1.fastq.gz	era-fasp@fasp.sra.ebi.ac.uk:vol1/fastq/SRR870/003/SRR8705723/SRR8705723_2.fastq.gz	https://sra-downloadb.be-md.ncbi.nlm.nih.gov/sos5/sra-pub-zq-16/SRR008/705/SRR8705723.sralite.1	unknown/not stated	kidney	9Mo	male
143	SRS4470290	SRR8705724	PRJNA516151	PAIRED	era-fasp@fasp.sra.ebi.ac.uk:vol1/fastq/SRR870/004/SRR8705724/SRR8705724_1.fastq.gz	era-fasp@fasp.sra.ebi.ac.uk:vol1/fastq/SRR870/004/SRR8705724/SRR8705724_2.fastq.gz	https://sra-downloadb.be-md.ncbi.nlm.nih.gov/sos3/sra-pub-zq-22/SRR008/705/SRR8705724.sralite.1	unknown/not stated	kidney	27Mo	male
143	SRS4470289	SRR8705725	PRJNA516151	PAIRED	era-fasp@fasp.sra.ebi.ac.uk:vol1/fastq/SRR870/005/SRR8705725/SRR8705725_1.fastq.gz	era-fasp@fasp.sra.ebi.ac.uk:vol1/fastq/SRR870/005/SRR8705725/SRR8705725_2.fastq.gz	https://sra-downloadb.be-md.ncbi.nlm.nih.gov/sos5/sra-pub-zq-16/SRR008/705/SRR8705725.sralite.1	unknown/not stated	kidney	9Mo	male
144	SRS4470288	SRR8705726	PRJNA516151	PAIRED	era-fasp@fasp.sra.ebi.ac.uk:vol1/fastq/SRR870/006/SRR8705726/SRR8705726_1.fastq.gz	era-fasp@fasp.sra.ebi.ac.uk:vol1/fastq/SRR870/006/SRR8705726/SRR8705726_2.fastq.gz	https://sra-downloadb.be-md.ncbi.nlm.nih.gov/sos3/sra-pub-zq-22/SRR008/705/SRR8705726.sralite.1	unknown/not stated	kidney	27Mo	male
145	SRS4470287	SRR8705727	PRJNA516151	PAIRED	era-fasp@fasp.sra.ebi.ac.uk:vol1/fastq/SRR870/007/SRR8705727/SRR8705727_1.fastq.gz	era-fasp@fasp.sra.ebi.ac.uk:vol1/fastq/SRR870/007/SRR8705727/SRR8705727_2.fastq.gz	https://sra-downloadb.be-md.ncbi.nlm.nih.gov/sos5/sra-pub-zq-16/SRR008/705/SRR8705727.sralite.1	unknown/not stated	kidney	6Mo	male
146	SRS4470286	SRR8705728	PRJNA516151	PAIRED	era-fasp@fasp.sra.ebi.ac.uk:vol1/fastq/SRR870/008/SRR8705728/SRR8705728_1.fastq.gz	era-fasp@fasp.sra.ebi.ac.uk:vol1/fastq/SRR870/008/SRR8705728/SRR8705728_2.fastq.gz	https://sra-downloadb.be-md.ncbi.nlm.nih.gov/sos5/sra-pub-zq-16/SRR008/705/SRR8705728.sralite.1	unknown/not stated	kidney	12Mo	male
147	SRS4470285	SRR8705729	PRJNA516151	PAIRED	era-fasp@fasp.sra.ebi.ac.uk:vol1/fastq/SRR870/009/SRR8705729/SRR8705729_1.fastq.gz	era-fasp@fasp.sra.ebi.ac.uk:vol1/fastq/SRR870/009/SRR8705729/SRR8705729_2.fastq.gz	https://sra-downloadb.be-md.ncbi.nlm.nih.gov/sos5/sra-pub-zq-16/SRR008/705/SRR8705729.sralite.1	unknown/not stated	kidney	12Mo	male
148	SRS4470284	SRR8705730	PRJNA516151	PAIRED	era-fasp@fasp.sra.ebi.ac.uk:vol1/fastq/SRR870/000/SRR8705730/SRR8705730_1.fastq.gz	era-fasp@fasp.sra.ebi.ac.uk:vol1/fastq/SRR870/000/SRR8705730/SRR8705730_2.fastq.gz	https://sra-downloadb.be-md.ncbi.nlm.nih.gov/sos5/sra-pub-zq-14/SRR008/705/SRR8705730.sralite.1	unknown/not stated	kidney	12Mo	male
149	SRS4470283	SRR8705731	PRJNA516151	PAIRED	era-fasp@fasp.sra.ebi.ac.uk:vol1/fastq/SRR870/001/SRR8705731/SRR8705731_1.fastq.gz	era-fasp@fasp.sra.ebi.ac.uk:vol1/fastq/SRR870/001/SRR8705731/SRR8705731_2.fastq.gz	https://sra-downloadb.be-md.ncbi.nlm.nih.gov/sos3/sra-pub-zq-22/SRR008/705/SRR8705731.sralite.1	unknown/not stated	kidney	12Mo	male
150	SRS4470281	SRR8705732	PRJNA516151	PAIRED	era-fasp@fasp.sra.ebi.ac.uk:vol1/fastq/SRR870/002/SRR8705732/SRR8705732_1.fastq.gz	era-fasp@fasp.sra.ebi.ac.uk:vol1/fastq/SRR870/002/SRR8705732/SRR8705732_2.fastq.gz	https://sra-downloadb.be-md.ncbi.nlm.nih.gov/sos3/sra-pub-zq-22/SRR008/705/SRR8705732.sralite.1	unknown/not stated	kidney	12Mo	male
151	SRS4470280	SRR8705733	PRJNA516151	PAIRED	era-fasp@fasp.sra.ebi.ac.uk:vol1/fastq/SRR870/003/SRR8705733/SRR8705733_1.fastq.gz	era-fasp@fasp.sra.ebi.ac.uk:vol1/fastq/SRR870/003/SRR8705733/SRR8705733_2.fastq.gz	https://sra-downloadb.be-md.ncbi.nlm.nih.gov/sos3/sra-pub-zq-22/SRR008/705/SRR8705733.sralite.1	unknown/not stated	kidney	12Mo	male
152	SRS4470282	SRR8705734	PRJNA516151	PAIRED	era-fasp@fasp.sra.ebi.ac.uk:vol1/fastq/SRR870/004/SRR8705734/SRR8705734_1.fastq.gz	era-fasp@fasp.sra.ebi.ac.uk:vol1/fastq/SRR870/004/SRR8705734/SRR8705734_2.fastq.gz	https://sra-downloadb.be-md.ncbi.nlm.nih.gov/sos5/sra-pub-zq-16/SRR008/705/SRR8705734.sralite.1	unknown/not stated	kidney	12Mo	male
152	SRS4470281	SRR8705735	PRJNA516151	PAIRED	era-fasp@fasp.sra.ebi.ac.uk:vol1/fastq/SRR870/005/SRR8705735/SRR8705735_1.fastq.gz	era-fasp@fasp.sra.ebi.ac.uk:vol1/fastq/SRR870/005/SRR8705735/SRR8705735_2.fastq.gz	https://sra-downloadb.be-md.ncbi.nlm.nih.gov/sos5/sra-pub-zq-16/SRR008/705/SRR8705735.sralite.1	unknown/not stated	kidney	12Mo	male
152	SRS4470280	SRR8705736	PRJNA516151	PAIRED	era-fasp@fasp.sra.ebi.ac.uk:vol1/fastq/SRR870/006/SRR8705736/SRR8705736_1.fastq.gz	era-fasp@fasp.sra.ebi.ac.uk:vol1/fastq/SRR870/006/SRR8705736/SRR8705736_2.fastq.gz	https://sra-downloadb.be-md.ncbi.nlm.nih.gov/sos3/sra-pub-zq-22/SRR008/705/SRR8705736.sralite.1	unknown/not stated	kidney	12Mo	male
153	SRS4470279	SRR8705737	PRJNA516151	PAIRED	era-fasp@fasp.sra.ebi.ac.uk:vol1/fastq/SRR870/007/SRR8705737/SRR8705737_1.fastq.gz	era-fasp@fasp.sra.ebi.ac.uk:vol1/fastq/SRR870/007/SRR8705737/SRR8705737_2.fastq.gz	https://sra-downloadb.be-md.ncbi.nlm.nih.gov/sos3/sra-pub-zq-22/SRR008/705/SRR8705737.sralite.1	unknown/not stated	kidney	27Mo	male
154	SRS4470267	SRR8705738	PRJNA516151	PAIRED	era-fasp@fasp.sra.ebi.ac.uk:vol1/fastq/SRR870/008/SRR8705738/SRR8705738_1.fastq.gz	era-fasp@fasp.sra.ebi.ac.uk:vol1/fastq/SRR870/008/SRR8705738/SRR8705738_2.fastq.gz	https://sra-downloadb.be-md.ncbi.nlm.nih.gov/sos5/sra-pub-zq-16/SRR008/705/SRR8705738.sralite.1	unknown/not stated	kidney	27Mo	male
155	SRS4470278	SRR8705739	PRJNA516151	PAIRED	era-fasp@fasp.sra.ebi.ac.uk:vol1/fastq/SRR870/009/SRR8705739/SRR8705739_1.fastq.gz	era-fasp@fasp.sra.ebi.ac.uk:vol1/fastq/SRR870/009/SRR8705739/SRR8705739_2.fastq.gz	https://sra-downloadb.be-md.ncbi.nlm.nih.gov/sos3/sra-pub-zq-22/SRR008/705/SRR8705739.sralite.1	unknown/not stated	kidney	18Mo	male
156	SRS4470275	SRR8705740	PRJNA516151	PAIRED	era-fasp@fasp.sra.ebi.ac.uk:vol1/fastq/SRR870/000/SRR8705740/SRR8705740_1.fastq.gz	era-fasp@fasp.sra.ebi.ac.uk:vol1/fastq/SRR870/000/SRR8705740/SRR8705740_2.fastq.gz	https://sra-downloadb.be-md.ncbi.nlm.nih.gov/sos3/sra-pub-zq-22/SRR008/705/SRR8705740.sralite.1	unknown/not stated	kidney	18Mo	male
157	SRS4470277	SRR8705741	PRJNA516151	PAIRED	era-fasp@fasp.sra.ebi.ac.uk:vol1/fastq/SRR870/001/SRR8705741/SRR8705741_1.fastq.gz	era-fasp@fasp.sra.ebi.ac.uk:vol1/fastq/SRR870/001/SRR8705741/SRR8705741_2.fastq.gz	https://sra-downloadb.be-md.ncbi.nlm.nih.gov/sos5/sra-pub-zq-14/SRR008/705/SRR8705741.sralite.1	unknown/not stated	kidney	18Mo	male
158	SRS4470276	SRR8705742	PRJNA516151	PAIRED	era-fasp@fasp.sra.ebi.ac.uk:vol1/fastq/SRR870/002/SRR8705742/SRR8705742_1.fastq.gz	era-fasp@fasp.sra.ebi.ac.uk:vol1/fastq/SRR870/002/SRR8705742/SRR8705742_2.fastq.gz	https://sra-downloadb.be-md.ncbi.nlm.nih.gov/sos5/sra-pub-zq-16/SRR008/705/SRR8705742.sralite.1	unknown/not stated	kidney	18Mo	male
159	SRS4470274	SRR8705743	PRJNA516151	PAIRED	era-fasp@fasp.sra.ebi.ac.uk:vol1/fastq/SRR870/003/SRR8705743/SRR8705743_1.fastq.gz	era-fasp@fasp.sra.ebi.ac.uk:vol1/fastq/SRR870/003/SRR8705743/SRR8705743_2.fastq.gz	https://sra-downloadb.be-md.ncbi.nlm.nih.gov/sos5/sra-pub-zq-16/SRR008/705/SRR8705743.sralite.1	unknown/not stated	kidney	18Mo	male
160	SRS4470271	SRR8705744	PRJNA516151	PAIRED	era-fasp@fasp.sra.ebi.ac.uk:vol1/fastq/SRR870/004/SRR8705744/SRR8705744_1.fastq.gz	era-fasp@fasp.sra.ebi.ac.uk:vol1/fastq/SRR870/004/SRR8705744/SRR8705744_2.fastq.gz	https://sra-downloadb.be-md.ncbi.nlm.nih.gov/sos5/sra-pub-zq-14/SRR008/705/SRR8705744.sralite.1	unknown/not stated	kidney	18Mo	male
160	SRS4470275	SRR8705745	PRJNA516151	PAIRED	era-fasp@fasp.sra.ebi.ac.uk:vol1/fastq/SRR870/005/SRR8705745/SRR8705745_1.fastq.gz	era-fasp@fasp.sra.ebi.ac.uk:vol1/fastq/SRR870/005/SRR8705745/SRR8705745_2.fastq.gz	https://sra-downloadb.be-md.ncbi.nlm.nih.gov/sos3/sra-pub-zq-22/SRR008/705/SRR8705745.sralite.1	unknown/not stated	kidney	18Mo	male
160	SRS4470274	SRR8705746	PRJNA516151	PAIRED	era-fasp@fasp.sra.ebi.ac.uk:vol1/fastq/SRR870/006/SRR8705746/SRR8705746_1.fastq.gz	era-fasp@fasp.sra.ebi.ac.uk:vol1/fastq/SRR870/006/SRR8705746/SRR8705746_2.fastq.gz	https://sra-downloadb.be-md.ncbi.nlm.nih.gov/sos5/sra-pub-zq-16/SRR008/705/SRR8705746.sralite.1	unknown/not stated	kidney	18Mo	male
161	SRS4470273	SRR8705747	PRJNA516151	PAIRED	era-fasp@fasp.sra.ebi.ac.uk:vol1/fastq/SRR870/007/SRR8705747/SRR8705747_1.fastq.gz	era-fasp@fasp.sra.ebi.ac.uk:vol1/fastq/SRR870/007/SRR8705747/SRR8705747_2.fastq.gz	https://sra-downloadb.be-md.ncbi.nlm.nih.gov/sos5/sra-pub-zq-14/SRR008/705/SRR8705747.sralite.1	unknown/not stated	kidney	27Mo	male
161	SRS4470272	SRR8705748	PRJNA516151	PAIRED	era-fasp@fasp.sra.ebi.ac.uk:vol1/fastq/SRR870/008/SRR8705748/SRR8705748_1.fastq.gz	era-fasp@fasp.sra.ebi.ac.uk:vol1/fastq/SRR870/008/SRR8705748/SRR8705748_2.fastq.gz	https://sra-downloadb.be-md.ncbi.nlm.nih.gov/sos3/sra-pub-zq-22/SRR008/705/SRR8705748.sralite.1	unknown/not stated	kidney	6Mo	male
161	SRS4470271	SRR8705749	PRJNA516151	PAIRED	era-fasp@fasp.sra.ebi.ac.uk:vol1/fastq/SRR870/009/SRR8705749/SRR8705749_1.fastq.gz	era-fasp@fasp.sra.ebi.ac.uk:vol1/fastq/SRR870/009/SRR8705749/SRR8705749_2.fastq.gz	https://sra-downloadb.be-md.ncbi.nlm.nih.gov/sos3/sra-pub-zq-22/SRR008/705/SRR8705749.sralite.1	unknown/not stated	kidney	18Mo	male
161	SRS4470270	SRR8705750	PRJNA516151	PAIRED	era-fasp@fasp.sra.ebi.ac.uk:vol1/fastq/SRR870/000/SRR8705750/SRR8705750_1.fastq.gz	era-fasp@fasp.sra.ebi.ac.uk:vol1/fastq/SRR870/000/SRR8705750/SRR8705750_2.fastq.gz	https://sra-downloadb.be-md.ncbi.nlm.nih.gov/sos3/sra-pub-zq-22/SRR008/705/SRR8705750.sralite.1	unknown/not stated	kidney	18Mo	male
162	SRS4470269	SRR8705751	PRJNA516151	PAIRED	era-fasp@fasp.sra.ebi.ac.uk:vol1/fastq/SRR870/001/SRR8705751/SRR8705751_1.fastq.gz	era-fasp@fasp.sra.ebi.ac.uk:vol1/fastq/SRR870/001/SRR8705751/SRR8705751_2.fastq.gz	https://sra-downloadb.be-md.ncbi.nlm.nih.gov/sos5/sra-pub-zq-16/SRR008/705/SRR8705751.sralite.1	unknown/not stated	kidney	24Mo	male
163	SRS4470268	SRR8705752	PRJNA516151	PAIRED	era-fasp@fasp.sra.ebi.ac.uk:vol1/fastq/SRR870/002/SRR8705752/SRR8705752_1.fastq.gz	era-fasp@fasp.sra.ebi.ac.uk:vol1/fastq/SRR870/002/SRR8705752/SRR8705752_2.fastq.gz	https://sra-downloadb.be-md.ncbi.nlm.nih.gov/sos3/sra-pub-zq-22/SRR008/705/SRR8705752.sralite.1	unknown/not stated	kidney	27Mo	male
163	SRS4470267	SRR8705753	PRJNA516151	PAIRED	era-fasp@fasp.sra.ebi.ac.uk:vol1/fastq/SRR870/003/SRR8705753/SRR8705753_1.fastq.gz	era-fasp@fasp.sra.ebi.ac.uk:vol1/fastq/SRR870/003/SRR8705753/SRR8705753_2.fastq.gz	https://sra-downloadb.be-md.ncbi.nlm.nih.gov/sos5/sra-pub-zq-16/SRR008/705/SRR8705753.sralite.1	unknown/not stated	kidney	27Mo	male
164	SRS4470266	SRR8705754	PRJNA516151	PAIRED	era-fasp@fasp.sra.ebi.ac.uk:vol1/fastq/SRR870/004/SRR8705754/SRR8705754_1.fastq.gz	era-fasp@fasp.sra.ebi.ac.uk:vol1/fastq/SRR870/004/SRR8705754/SRR8705754_2.fastq.gz	https://sra-downloadb.be-md.ncbi.nlm.nih.gov/sos5/sra-pub-zq-14/SRR008/705/SRR8705754.sralite.1	unknown/not stated	kidney	6Mo	male
165	SRS5040093	SRR9616345	PRJNA516151	PAIRED	era-fasp@fasp.sra.ebi.ac.uk:vol1/fastq/SRR961/005/SRR9616345/SRR9616345_1.fastq.gz	era-fasp@fasp.sra.ebi.ac.uk:vol1/fastq/SRR961/005/SRR9616345/SRR9616345_2.fastq.gz	https://sra-downloadb.be-md.ncbi.nlm.nih.gov/sos3/sra-pub-zq-22/SRR009/616/SRR9616345.sralite.1	unknown/not stated	hippocampus	27Mo	male
166	SRS5040092	SRR9616346	PRJNA516151	PAIRED	era-fasp@fasp.sra.ebi.ac.uk:vol1/fastq/SRR961/006/SRR9616346/SRR9616346_1.fastq.gz	era-fasp@fasp.sra.ebi.ac.uk:vol1/fastq/SRR961/006/SRR9616346/SRR9616346_2.fastq.gz	https://sra-downloadb.be-md.ncbi.nlm.nih.gov/sos5/sra-pub-zq-16/SRR009/616/SRR9616346.sralite.1	unknown/not stated	hippocampus	9Mo	male
167	SRS5040091	SRR9616347	PRJNA516151	PAIRED	era-fasp@fasp.sra.ebi.ac.uk:vol1/fastq/SRR961/007/SRR9616347/SRR9616347_1.fastq.gz	era-fasp@fasp.sra.ebi.ac.uk:vol1/fastq/SRR961/007/SRR9616347/SRR9616347_2.fastq.gz	https://sra-downloadb.be-md.ncbi.nlm.nih.gov/sos3/sra-pub-zq-22/SRR009/616/SRR9616347.sralite.1	unknown/not stated	hippocampus	6Mo	male
168	SRS5040090	SRR9616348	PRJNA516151	PAIRED	era-fasp@fasp.sra.ebi.ac.uk:vol1/fastq/SRR961/008/SRR9616348/SRR9616348_1.fastq.gz	era-fasp@fasp.sra.ebi.ac.uk:vol1/fastq/SRR961/008/SRR9616348/SRR9616348_2.fastq.gz	https://sra-downloadb.be-md.ncbi.nlm.nih.gov/sos3/sra-pub-zq-22/SRR009/616/SRR9616348.sralite.1	unknown/not stated	hippocampus	6Mo	male
169	SRS5040089	SRR9616349	PRJNA516151	PAIRED	era-fasp@fasp.sra.ebi.ac.uk:vol1/fastq/SRR961/009/SRR9616349/SRR9616349_1.fastq.gz	era-fasp@fasp.sra.ebi.ac.uk:vol1/fastq/SRR961/009/SRR9616349/SRR9616349_2.fastq.gz	https://sra-downloadb.be-md.ncbi.nlm.nih.gov/sos5/sra-pub-zq-16/SRR009/616/SRR9616349.sralite.1	unknown/not stated	hippocampus	6Mo	male
170	SRS5040088	SRR9616350	PRJNA516151	PAIRED	era-fasp@fasp.sra.ebi.ac.uk:vol1/fastq/SRR961/000/SRR9616350/SRR9616350_1.fastq.gz	era-fasp@fasp.sra.ebi.ac.uk:vol1/fastq/SRR961/000/SRR9616350/SRR9616350_2.fastq.gz	https://sra-downloadb.be-md.ncbi.nlm.nih.gov/sos5/sra-pub-zq-16/SRR009/616/SRR9616350.sralite.1	unknown/not stated	hippocampus	6Mo	male
171	SRS5040087	SRR9616351	PRJNA516151	PAIRED	era-fasp@fasp.sra.ebi.ac.uk:vol1/fastq/SRR961/001/SRR9616351/SRR9616351_1.fastq.gz	era-fasp@fasp.sra.ebi.ac.uk:vol1/fastq/SRR961/001/SRR9616351/SRR9616351_2.fastq.gz	https://sra-downloadb.be-md.ncbi.nlm.nih.gov/sos5/sra-pub-zq-16/SRR009/616/SRR9616351.sralite.1	unknown/not stated	hippocampus	6Mo	male
172	SRS5040086	SRR9616352	PRJNA516151	PAIRED	era-fasp@fasp.sra.ebi.ac.uk:vol1/fastq/SRR961/002/SRR9616352/SRR9616352_1.fastq.gz	era-fasp@fasp.sra.ebi.ac.uk:vol1/fastq/SRR961/002/SRR9616352/SRR9616352_2.fastq.gz	https://sra-downloadb.be-md.ncbi.nlm.nih.gov/sos3/sra-pub-zq-22/SRR009/616/SRR9616352.sralite.1	unknown/not stated	hippocampus	6Mo	male
173	SRS5040085	SRR9616353	PRJNA516151	PAIRED	era-fasp@fasp.sra.ebi.ac.uk:vol1/fastq/SRR961/003/SRR9616353/SRR9616353_1.fastq.gz	era-fasp@fasp.sra.ebi.ac.uk:vol1/fastq/SRR961/003/SRR9616353/SRR9616353_2.fastq.gz	https://sra-downloadb.be-md.ncbi.nlm.nih.gov/sos3/sra-pub-zq-22/SRR009/616/SRR9616353.sralite.1	unknown/not stated	hippocampus	6Mo	male
174	SRS5040084	SRR9616354	PRJNA516151	PAIRED	era-fasp@fasp.sra.ebi.ac.uk:vol1/fastq/SRR961/004/SRR9616354/SRR9616354_1.fastq.gz	era-fasp@fasp.sra.ebi.ac.uk:vol1/fastq/SRR961/004/SRR9616354/SRR9616354_2.fastq.gz	https://sra-downloadb.be-md.ncbi.nlm.nih.gov/sos3/sra-pub-zq-22/SRR009/616/SRR9616354.sralite.1	unknown/not stated	hippocampus	6Mo	male
175	SRS5040083	SRR9616355	PRJNA516151	PAIRED	era-fasp@fasp.sra.ebi.ac.uk:vol1/fastq/SRR961/005/SRR9616355/SRR9616355_1.fastq.gz	era-fasp@fasp.sra.ebi.ac.uk:vol1/fastq/SRR961/005/SRR9616355/SRR9616355_2.fastq.gz	https://sra-downloadb.be-md.ncbi.nlm.nih.gov/sos5/sra-pub-zq-16/SRR009/616/SRR9616355.sralite.1	unknown/not stated	hippocampus	27Mo	male
176	SRS5040082	SRR9616356	PRJNA516151	PAIRED	era-fasp@fasp.sra.ebi.ac.uk:vol1/fastq/SRR961/006/SRR9616356/SRR9616356_1.fastq.gz	era-fasp@fasp.sra.ebi.ac.uk:vol1/fastq/SRR961/006/SRR9616356/SRR9616356_2.fastq.gz	https://sra-downloadb.be-md.ncbi.nlm.nih.gov/sos5/sra-pub-zq-16/SRR009/616/SRR9616356.sralite.1	unknown/not stated	hippocampus	27Mo	male
177	SRS5040081	SRR9616357	PRJNA516151	PAIRED	era-fasp@fasp.sra.ebi.ac.uk:vol1/fastq/SRR961/007/SRR9616357/SRR9616357_1.fastq.gz	era-fasp@fasp.sra.ebi.ac.uk:vol1/fastq/SRR961/007/SRR9616357/SRR9616357_2.fastq.gz	https://sra-downloadb.be-md.ncbi.nlm.nih.gov/sos5/sra-pub-zq-14/SRR009/616/SRR9616357.sralite.1	unknown/not stated	hippocampus	24Mo	male
178	SRS5040080	SRR9616358	PRJNA516151	PAIRED	era-fasp@fasp.sra.ebi.ac.uk:vol1/fastq/SRR961/008/SRR9616358/SRR9616358_1.fastq.gz	era-fasp@fasp.sra.ebi.ac.uk:vol1/fastq/SRR961/008/SRR9616358/SRR9616358_2.fastq.gz	https://sra-downloadb.be-md.ncbi.nlm.nih.gov/sos5/sra-pub-zq-16/SRR009/616/SRR9616358.sralite.1	unknown/not stated	hippocampus	24Mo	male
179	SRS5040079	SRR9616359	PRJNA516151	PAIRED	era-fasp@fasp.sra.ebi.ac.uk:vol1/fastq/SRR961/009/SRR9616359/SRR9616359_1.fastq.gz	era-fasp@fasp.sra.ebi.ac.uk:vol1/fastq/SRR961/009/SRR9616359/SRR9616359_2.fastq.gz	https://sra-downloadb.be-md.ncbi.nlm.nih.gov/sos5/sra-pub-zq-16/SRR009/616/SRR9616359.sralite.1	unknown/not stated	hippocampus	24Mo	male
180	SRS5040078	SRR9616360	PRJNA516151	PAIRED	era-fasp@fasp.sra.ebi.ac.uk:vol1/fastq/SRR961/000/SRR9616360/SRR9616360_1.fastq.gz	era-fasp@fasp.sra.ebi.ac.uk:vol1/fastq/SRR961/000/SRR9616360/SRR9616360_2.fastq.gz	https://sra-downloadb.be-md.ncbi.nlm.nih.gov/sos3/sra-pub-zq-22/SRR009/616/SRR9616360.sralite.1	unknown/not stated	hippocampus	24Mo	male
181	SRS5040077	SRR9616361	PRJNA516151	PAIRED	era-fasp@fasp.sra.ebi.ac.uk:vol1/fastq/SRR961/001/SRR9616361/SRR9616361_1.fastq.gz	era-fasp@fasp.sra.ebi.ac.uk:vol1/fastq/SRR961/001/SRR9616361/SRR9616361_2.fastq.gz	https://sra-downloadb.be-md.ncbi.nlm.nih.gov/sos5/sra-pub-zq-16/SRR009/616/SRR9616361.sralite.1	unknown/not stated	hippocampus	24Mo	male
182	SRS5040076	SRR9616362	PRJNA516151	PAIRED	era-fasp@fasp.sra.ebi.ac.uk:vol1/fastq/SRR961/002/SRR9616362/SRR9616362_1.fastq.gz	era-fasp@fasp.sra.ebi.ac.uk:vol1/fastq/SRR961/002/SRR9616362/SRR9616362_2.fastq.gz	https://sra-downloadb.be-md.ncbi.nlm.nih.gov/sos3/sra-pub-zq-22/SRR009/616/SRR9616362.sralite.1	unknown/not stated	hippocampus	27Mo	male
183	SRS5040075	SRR9616363	PRJNA516151	PAIRED	era-fasp@fasp.sra.ebi.ac.uk:vol1/fastq/SRR961/003/SRR9616363/SRR9616363_1.fastq.gz	era-fasp@fasp.sra.ebi.ac.uk:vol1/fastq/SRR961/003/SRR9616363/SRR9616363_2.fastq.gz	https://sra-downloadb.be-md.ncbi.nlm.nih.gov/sos5/sra-pub-zq-16/SRR009/616/SRR9616363.sralite.1	unknown/not stated	hippocampus	24Mo	male
184	SRS5040074	SRR9616364	PRJNA516151	PAIRED	era-fasp@fasp.sra.ebi.ac.uk:vol1/fastq/SRR961/004/SRR9616364/SRR9616364_1.fastq.gz	era-fasp@fasp.sra.ebi.ac.uk:vol1/fastq/SRR961/004/SRR9616364/SRR9616364_2.fastq.gz	https://sra-downloadb.be-md.ncbi.nlm.nih.gov/sos3/sra-pub-zq-22/SRR009/616/SRR9616364.sralite.1	unknown/not stated	hippocampus	24Mo	male
185	SRS5040073	SRR9616365	PRJNA516151	PAIRED	era-fasp@fasp.sra.ebi.ac.uk:vol1/fastq/SRR961/005/SRR9616365/SRR9616365_1.fastq.gz	era-fasp@fasp.sra.ebi.ac.uk:vol1/fastq/SRR961/005/SRR9616365/SRR9616365_2.fastq.gz	https://sra-downloadb.be-md.ncbi.nlm.nih.gov/sos5/sra-pub-zq-16/SRR009/616/SRR9616365.sralite.1	unknown/not stated	hippocampus	18Mo	male
186	SRS5040072	SRR9616366	PRJNA516151	PAIRED	era-fasp@fasp.sra.ebi.ac.uk:vol1/fastq/SRR961/006/SRR9616366/SRR9616366_1.fastq.gz	era-fasp@fasp.sra.ebi.ac.uk:vol1/fastq/SRR961/006/SRR9616366/SRR9616366_2.fastq.gz	https://sra-downloadb.be-md.ncbi.nlm.nih.gov/sos5/sra-pub-zq-16/SRR009/616/SRR9616366.sralite.1	unknown/not stated	hippocampus	18Mo	male
187	SRS5040071	SRR9616367	PRJNA516151	PAIRED	era-fasp@fasp.sra.ebi.ac.uk:vol1/fastq/SRR961/007/SRR9616367/SRR9616367_1.fastq.gz	era-fasp@fasp.sra.ebi.ac.uk:vol1/fastq/SRR961/007/SRR9616367/SRR9616367_2.fastq.gz	https://sra-downloadb.be-md.ncbi.nlm.nih.gov/sos5/sra-pub-zq-16/SRR009/616/SRR9616367.sralite.1	unknown/not stated	hippocampus	12Mo	male
188	SRS5040070	SRR9616368	PRJNA516151	PAIRED	era-fasp@fasp.sra.ebi.ac.uk:vol1/fastq/SRR961/008/SRR9616368/SRR9616368_1.fastq.gz	era-fasp@fasp.sra.ebi.ac.uk:vol1/fastq/SRR961/008/SRR9616368/SRR9616368_2.fastq.gz	https://sra-downloadb.be-md.ncbi.nlm.nih.gov/sos3/sra-pub-zq-22/SRR009/616/SRR9616368.sralite.1	unknown/not stated	hippocampus	12Mo	male
189	SRS5040069	SRR9616369	PRJNA516151	PAIRED	era-fasp@fasp.sra.ebi.ac.uk:vol1/fastq/SRR961/009/SRR9616369/SRR9616369_1.fastq.gz	era-fasp@fasp.sra.ebi.ac.uk:vol1/fastq/SRR961/009/SRR9616369/SRR9616369_2.fastq.gz	https://sra-downloadb.be-md.ncbi.nlm.nih.gov/sos3/sra-pub-zq-22/SRR009/616/SRR9616369.sralite.1	unknown/not stated	hippocampus	12Mo	male
190	SRS5040068	SRR9616370	PRJNA516151	PAIRED	era-fasp@fasp.sra.ebi.ac.uk:vol1/fastq/SRR961/000/SRR9616370/SRR9616370_1.fastq.gz	era-fasp@fasp.sra.ebi.ac.uk:vol1/fastq/SRR961/000/SRR9616370/SRR9616370_2.fastq.gz	https://sra-downloadb.be-md.ncbi.nlm.nih.gov/sos5/sra-pub-zq-16/SRR009/616/SRR9616370.sralite.1	unknown/not stated	hippocampus	12Mo	male
191	SRS5040067	SRR9616371	PRJNA516151	PAIRED	era-fasp@fasp.sra.ebi.ac.uk:vol1/fastq/SRR961/001/SRR9616371/SRR9616371_1.fastq.gz	era-fasp@fasp.sra.ebi.ac.uk:vol1/fastq/SRR961/001/SRR9616371/SRR9616371_2.fastq.gz	https://sra-downloadb.be-md.ncbi.nlm.nih.gov/sos3/sra-pub-zq-22/SRR009/616/SRR9616371.sralite.1	unknown/not stated	hippocampus	18Mo	male
192	SRS5040066	SRR9616372	PRJNA516151	PAIRED	era-fasp@fasp.sra.ebi.ac.uk:vol1/fastq/SRR961/002/SRR9616372/SRR9616372_1.fastq.gz	era-fasp@fasp.sra.ebi.ac.uk:vol1/fastq/SRR961/002/SRR9616372/SRR9616372_2.fastq.gz	https://sra-downloadb.be-md.ncbi.nlm.nih.gov/sos3/sra-pub-zq-22/SRR009/616/SRR9616372.sralite.1	unknown/not stated	hippocampus	18Mo	male
193	SRS5040065	SRR9616373	PRJNA516151	PAIRED	era-fasp@fasp.sra.ebi.ac.uk:vol1/fastq/SRR961/003/SRR9616373/SRR9616373_1.fastq.gz	era-fasp@fasp.sra.ebi.ac.uk:vol1/fastq/SRR961/003/SRR9616373/SRR9616373_2.fastq.gz	https://sra-downloadb.be-md.ncbi.nlm.nih.gov/sos3/sra-pub-zq-22/SRR009/616/SRR9616373.sralite.1	unknown/not stated	hippocampus	18Mo	male
194	SRS5040064	SRR9616374	PRJNA516151	PAIRED	era-fasp@fasp.sra.ebi.ac.uk:vol1/fastq/SRR961/004/SRR9616374/SRR9616374_1.fastq.gz	era-fasp@fasp.sra.ebi.ac.uk:vol1/fastq/SRR961/004/SRR9616374/SRR9616374_2.fastq.gz	https://sra-downloadb.be-md.ncbi.nlm.nih.gov/sos5/sra-pub-zq-16/SRR009/616/SRR9616374.sralite.1	unknown/not stated	hippocampus	18Mo	male
195	SRS5040063	SRR9616375	PRJNA516151	PAIRED	era-fasp@fasp.sra.ebi.ac.uk:vol1/fastq/SRR961/005/SRR9616375/SRR9616375_1.fastq.gz	era-fasp@fasp.sra.ebi.ac.uk:vol1/fastq/SRR961/005/SRR9616375/SRR9616375_2.fastq.gz	https://sra-downloadb.be-md.ncbi.nlm.nih.gov/sos3/sra-pub-zq-22/SRR009/616/SRR9616375.sralite.1	unknown/not stated	hippocampus	21Mo	male
196	SRS5040062	SRR9616376	PRJNA516151	PAIRED	era-fasp@fasp.sra.ebi.ac.uk:vol1/fastq/SRR961/006/SRR9616376/SRR9616376_1.fastq.gz	era-fasp@fasp.sra.ebi.ac.uk:vol1/fastq/SRR961/006/SRR9616376/SRR9616376_2.fastq.gz	https://sra-downloadb.be-md.ncbi.nlm.nih.gov/sos5/sra-pub-zq-16/SRR009/616/SRR9616376.sralite.1	unknown/not stated	hippocampus	21Mo	male
197	SRS5040061	SRR9616377	PRJNA516151	PAIRED	era-fasp@fasp.sra.ebi.ac.uk:vol1/fastq/SRR961/007/SRR9616377/SRR9616377_1.fastq.gz	era-fasp@fasp.sra.ebi.ac.uk:vol1/fastq/SRR961/007/SRR9616377/SRR9616377_2.fastq.gz	https://sra-downloadb.be-md.ncbi.nlm.nih.gov/sos3/sra-pub-zq-22/SRR009/616/SRR9616377.sralite.1	unknown/not stated	hippocampus	9Mo	male
198	SRS5040060	SRR9616378	PRJNA516151	PAIRED	era-fasp@fasp.sra.ebi.ac.uk:vol1/fastq/SRR961/008/SRR9616378/SRR9616378_1.fastq.gz	era-fasp@fasp.sra.ebi.ac.uk:vol1/fastq/SRR961/008/SRR9616378/SRR9616378_2.fastq.gz	https://sra-downloadb.be-md.ncbi.nlm.nih.gov/sos5/sra-pub-zq-14/SRR009/616/SRR9616378.sralite.1	unknown/not stated	hippocampus	27Mo	male
199	SRS5040059	SRR9616379	PRJNA516151	PAIRED	era-fasp@fasp.sra.ebi.ac.uk:vol1/fastq/SRR961/009/SRR9616379/SRR9616379_1.fastq.gz	era-fasp@fasp.sra.ebi.ac.uk:vol1/fastq/SRR961/009/SRR9616379/SRR9616379_2.fastq.gz	https://sra-downloadb.be-md.ncbi.nlm.nih.gov/sos5/sra-pub-zq-16/SRR009/616/SRR9616379.sralite.1	unknown/not stated	hippocampus	27Mo	male
200	SRS5040058	SRR9616380	PRJNA516151	PAIRED	era-fasp@fasp.sra.ebi.ac.uk:vol1/fastq/SRR961/000/SRR9616380/SRR9616380_1.fastq.gz	era-fasp@fasp.sra.ebi.ac.uk:vol1/fastq/SRR961/000/SRR9616380/SRR9616380_2.fastq.gz	https://sra-downloadb.be-md.ncbi.nlm.nih.gov/sos5/sra-pub-zq-16/SRR009/616/SRR9616380.sralite.1	unknown/not stated	hippocampus	27Mo	male
201	SRS5040057	SRR9616381	PRJNA516151	PAIRED	era-fasp@fasp.sra.ebi.ac.uk:vol1/fastq/SRR961/001/SRR9616381/SRR9616381_1.fastq.gz	era-fasp@fasp.sra.ebi.ac.uk:vol1/fastq/SRR961/001/SRR9616381/SRR9616381_2.fastq.gz	https://sra-downloadb.be-md.ncbi.nlm.nih.gov/sos5/sra-pub-zq-16/SRR009/616/SRR9616381.sralite.1	unknown/not stated	hippocampus	21Mo	male
202	SRS5040056	SRR9616382	PRJNA516151	PAIRED	era-fasp@fasp.sra.ebi.ac.uk:vol1/fastq/SRR961/002/SRR9616382/SRR9616382_1.fastq.gz	era-fasp@fasp.sra.ebi.ac.uk:vol1/fastq/SRR961/002/SRR9616382/SRR9616382_2.fastq.gz	https://sra-downloadb.be-md.ncbi.nlm.nih.gov/sos5/sra-pub-zq-16/SRR009/616/SRR9616382.sralite.1	unknown/not stated	hippocampus	21Mo	male
203	SRS5040055	SRR9616383	PRJNA516151	PAIRED	era-fasp@fasp.sra.ebi.ac.uk:vol1/fastq/SRR961/003/SRR9616383/SRR9616383_1.fastq.gz	era-fasp@fasp.sra.ebi.ac.uk:vol1/fastq/SRR961/003/SRR9616383/SRR9616383_2.fastq.gz	https://sra-downloadb.be-md.ncbi.nlm.nih.gov/sos5/sra-pub-zq-16/SRR009/616/SRR9616383.sralite.1	unknown/not stated	hippocampus	27Mo	male
204	SRS5040054	SRR9616384	PRJNA516151	PAIRED	era-fasp@fasp.sra.ebi.ac.uk:vol1/fastq/SRR961/004/SRR9616384/SRR9616384_1.fastq.gz	era-fasp@fasp.sra.ebi.ac.uk:vol1/fastq/SRR961/004/SRR9616384/SRR9616384_2.fastq.gz	https://sra-downloadb.be-md.ncbi.nlm.nih.gov/sos3/sra-pub-zq-22/SRR009/616/SRR9616384.sralite.1	unknown/not stated	hippocampus	9Mo	male
205	SRS5040053	SRR9616385	PRJNA516151	PAIRED	era-fasp@fasp.sra.ebi.ac.uk:vol1/fastq/SRR961/005/SRR9616385/SRR9616385_1.fastq.gz	era-fasp@fasp.sra.ebi.ac.uk:vol1/fastq/SRR961/005/SRR9616385/SRR9616385_2.fastq.gz	https://sra-downloadb.be-md.ncbi.nlm.nih.gov/sos5/sra-pub-zq-16/SRR009/616/SRR9616385.sralite.1	unknown/not stated	hippocampus	9Mo	male
206	SRS5040052	SRR9616386	PRJNA516151	PAIRED	era-fasp@fasp.sra.ebi.ac.uk:vol1/fastq/SRR961/006/SRR9616386/SRR9616386_1.fastq.gz	era-fasp@fasp.sra.ebi.ac.uk:vol1/fastq/SRR961/006/SRR9616386/SRR9616386_2.fastq.gz	https://sra-downloadb.be-md.ncbi.nlm.nih.gov/sos3/sra-pub-zq-22/SRR009/616/SRR9616386.sralite.1	unknown/not stated	hippocampus	12Mo	male
207	SRS5040051	SRR9616387	PRJNA516151	PAIRED	era-fasp@fasp.sra.ebi.ac.uk:vol1/fastq/SRR961/007/SRR9616387/SRR9616387_1.fastq.gz	era-fasp@fasp.sra.ebi.ac.uk:vol1/fastq/SRR961/007/SRR9616387/SRR9616387_2.fastq.gz	https://sra-downloadb.be-md.ncbi.nlm.nih.gov/sos5/sra-pub-zq-16/SRR009/616/SRR9616387.sralite.1	unknown/not stated	hippocampus	12Mo	male
208	SRS5040050	SRR9616388	PRJNA516151	PAIRED	era-fasp@fasp.sra.ebi.ac.uk:vol1/fastq/SRR961/008/SRR9616388/SRR9616388_1.fastq.gz	era-fasp@fasp.sra.ebi.ac.uk:vol1/fastq/SRR961/008/SRR9616388/SRR9616388_2.fastq.gz	https://sra-downloadb.be-md.ncbi.nlm.nih.gov/sos5/sra-pub-zq-14/SRR009/616/SRR9616388.sralite.1	unknown/not stated	hippocampus	9Mo	male
209	SRS5040049	SRR9616389	PRJNA516151	PAIRED	era-fasp@fasp.sra.ebi.ac.uk:vol1/fastq/SRR961/009/SRR9616389/SRR9616389_1.fastq.gz	era-fasp@fasp.sra.ebi.ac.uk:vol1/fastq/SRR961/009/SRR9616389/SRR9616389_2.fastq.gz	https://sra-downloadb.be-md.ncbi.nlm.nih.gov/sos3/sra-pub-zq-22/SRR009/616/SRR9616389.sralite.1	unknown/not stated	hippocampus	9Mo	male
210	SRS5040048	SRR9616390	PRJNA516151	PAIRED	era-fasp@fasp.sra.ebi.ac.uk:vol1/fastq/SRR961/000/SRR9616390/SRR9616390_1.fastq.gz	era-fasp@fasp.sra.ebi.ac.uk:vol1/fastq/SRR961/000/SRR9616390/SRR9616390_2.fastq.gz	https://sra-downloadb.be-md.ncbi.nlm.nih.gov/sos3/sra-pub-zq-22/SRR009/616/SRR9616390.sralite.1	unknown/not stated	hippocampus	9Mo	male
211	SRS5040047	SRR9616391	PRJNA516151	PAIRED	era-fasp@fasp.sra.ebi.ac.uk:vol1/fastq/SRR961/001/SRR9616391/SRR9616391_1.fastq.gz	era-fasp@fasp.sra.ebi.ac.uk:vol1/fastq/SRR961/001/SRR9616391/SRR9616391_2.fastq.gz	https://sra-downloadb.be-md.ncbi.nlm.nih.gov/sos3/sra-pub-zq-22/SRR009/616/SRR9616391.sralite.1	unknown/not stated	hippocampus	9Mo	male
212	SRS5040046	SRR9616392	PRJNA516151	PAIRED	era-fasp@fasp.sra.ebi.ac.uk:vol1/fastq/SRR961/002/SRR9616392/SRR9616392_1.fastq.gz	era-fasp@fasp.sra.ebi.ac.uk:vol1/fastq/SRR961/002/SRR9616392/SRR9616392_2.fastq.gz	https://sra-downloadb.be-md.ncbi.nlm.nih.gov/sos5/sra-pub-zq-16/SRR009/616/SRR9616392.sralite.1	unknown/not stated	hippocampus	21Mo	male
213	SRS5040045	SRR9616393	PRJNA516151	PAIRED	era-fasp@fasp.sra.ebi.ac.uk:vol1/fastq/SRR961/003/SRR9616393/SRR9616393_1.fastq.gz	era-fasp@fasp.sra.ebi.ac.uk:vol1/fastq/SRR961/003/SRR9616393/SRR9616393_2.fastq.gz	https://sra-downloadb.be-md.ncbi.nlm.nih.gov/sos3/sra-pub-zq-22/SRR009/616/SRR9616393.sralite.1	unknown/not stated	hippocampus	21Mo	male
214	SRS5040044	SRR9616394	PRJNA516151	PAIRED	era-fasp@fasp.sra.ebi.ac.uk:vol1/fastq/SRR961/004/SRR9616394/SRR9616394_1.fastq.gz	era-fasp@fasp.sra.ebi.ac.uk:vol1/fastq/SRR961/004/SRR9616394/SRR9616394_2.fastq.gz	https://sra-downloadb.be-md.ncbi.nlm.nih.gov/sos5/sra-pub-zq-16/SRR009/616/SRR9616394.sralite.1	unknown/not stated	hippocampus	21Mo	male
215	SRS5040043	SRR9616395	PRJNA516151	PAIRED	era-fasp@fasp.sra.ebi.ac.uk:vol1/fastq/SRR961/005/SRR9616395/SRR9616395_1.fastq.gz	era-fasp@fasp.sra.ebi.ac.uk:vol1/fastq/SRR961/005/SRR9616395/SRR9616395_2.fastq.gz	https://sra-downloadb.be-md.ncbi.nlm.nih.gov/sos3/sra-pub-zq-22/SRR009/616/SRR9616395.sralite.1	unknown/not stated	hippocampus	21Mo	male
216	SRS5040042	SRR9616396	PRJNA516151	PAIRED	era-fasp@fasp.sra.ebi.ac.uk:vol1/fastq/SRR961/006/SRR9616396/SRR9616396_1.fastq.gz	era-fasp@fasp.sra.ebi.ac.uk:vol1/fastq/SRR961/006/SRR9616396/SRR9616396_2.fastq.gz	https://sra-downloadb.be-md.ncbi.nlm.nih.gov/sos5/sra-pub-zq-16/SRR009/616/SRR9616396.sralite.1	unknown/not stated	hippocampus	12Mo	male
217	SRS5040041	SRR9616397	PRJNA516151	PAIRED	era-fasp@fasp.sra.ebi.ac.uk:vol1/fastq/SRR961/007/SRR9616397/SRR9616397_1.fastq.gz	era-fasp@fasp.sra.ebi.ac.uk:vol1/fastq/SRR961/007/SRR9616397/SRR9616397_2.fastq.gz	https://sra-downloadb.be-md.ncbi.nlm.nih.gov/sos5/sra-pub-zq-16/SRR009/616/SRR9616397.sralite.1	unknown/not stated	hippocampus	12Mo	male
218	SRS5040040	SRR9616398	PRJNA516151	PAIRED	era-fasp@fasp.sra.ebi.ac.uk:vol1/fastq/SRR961/008/SRR9616398/SRR9616398_1.fastq.gz	era-fasp@fasp.sra.ebi.ac.uk:vol1/fastq/SRR961/008/SRR9616398/SRR9616398_2.fastq.gz	https://sra-downloadb.be-md.ncbi.nlm.nih.gov/sos5/sra-pub-zq-14/SRR009/616/SRR9616398.sralite.1	unknown/not stated	hippocampus	18Mo	male
219	SRS5040039	SRR9616399	PRJNA516151	PAIRED	era-fasp@fasp.sra.ebi.ac.uk:vol1/fastq/SRR961/009/SRR9616399/SRR9616399_1.fastq.gz	era-fasp@fasp.sra.ebi.ac.uk:vol1/fastq/SRR961/009/SRR9616399/SRR9616399_2.fastq.gz	https://sra-downloadb.be-md.ncbi.nlm.nih.gov/sos5/sra-pub-zq-16/SRR009/616/SRR9616399.sralite.1	unknown/not stated	hippocampus	18Mo	male
